timestamp_ms,id,dlc,data
24601,5EC,8,00 00 03 CB EC 02 2F 11
24613,5F5,8,FF 41 3F 0B FF 60 00 00
24627,5EC,8,00 00 03 CB EC 02 2F 11
24641,5EC,8,00 00 03 CB EC 82 2F 11
24654,5F5,8,FF 41 3F 8B FF 60 03 80
24668,5EC,8,00 00 03 CB EC 02 2F 11
24680,5ED,7,03 AC 6E 6E 40 C0 C8
24693,5EC,8,00 00 03 CB EC 02 2F 11
24707,25E,8,88 F8 00 85 F3 F7 FF 0C
24720,5ED,7,02 EC 73 6E 40 C0 C8
24732,5EF,5,FF FF 00 00 00
24744,0,8,41 F4 28 00 BF FF 07 FF
24761,25E,8,88 F8 00 85 F3 F7 FF 0C
24774,5EC,8,00 00 03 CB EC 03 2F 11
24786,25E,8,88 F8 00 85 F3 F7 FF 0C
24800,5ED,7,02 EC 78 6E 40 C0 C8
24813,5EC,8,00 00 03 CB EC 03 2F 11
24825,0,8,41 F4 28 00 BF FF 07 FF
24839,5F6,6,5F 00 65 FB FF A0
24851,1C7,6,03 E6 84 33 3B E6
24864,0,8,41 F4 28 00 BF FF 07 FF
24878,423,8,00 D3 AA 06 65 00 A5 00
24890,1C7,6,03 E6 84 34 3B E6
24902,5EE,1,B4
24913,1C7,6,03 E6 84 34 3B E6
24927,130,6,0F DE 06 00 1D E4
24939,25E,8,88 80 00 C6 C2 77 FF 0C
24952,5EA,8,00 04 34 00 E4 34 FC 34
24976,0,8,41 F4 28 00 BF FF 07 FF
24989,25E,8,88 80 00 C6 C2 77 FF 0C
25003,5ED,7,02 EC 7A 6E 40 C0 C8
25015,0,8,41 F4 28 00 BF FF 07 FF
25028,25E,8,88 80 00 C6 C2 77 FF 0C
25041,5ED,7,02 EC 7A 6E 40 C0 C8
25054,0,8,41 F4 28 00 BF FF 07 FF
25067,130,6,0F FC 06 00 1D E4
25079,5ED,7,02 EC 7A 6E 40 C0 C8
25093,5F9,8,00 00 80 00 91 C8 72 75
25106,0,8,41 F4 28 00 BF FF 07 FF
25118,25E,8,88 80 00 C6 C2 77 FF 0C
25132,1C7,6,03 E6 84 34 3B E6
25145,0,8,41 F4 28 00 BF FF 07 FF
25157,5EB,8,00 30 00 5F FE 00 00 A6
25174,1C7,6,03 E6 84 34 3B E6
25186,130,6,0F B8 06 00 1D E4
25198,25E,8,88 80 00 C6 C2 77 FF 0C
25211,1C7,6,03 E6 84 34 3B E6
25224,0,8,41 F4 28 00 BF FF 07 FF
25237,130,6,0F ED 06 00 1D E4
25249,1C7,6,03 E6 84 34 3B E6
25263,5ED,7,02 EF 7A 6E 40 E8 C8
25275,1C7,6,03 E6 84 34 3B E6
25288,25E,8,88 80 00 C6 C2 77 FF 0C
25302,5ED,7,02 EF 7A 6E 40 E8 C8
25314,1C7,6,03 E6 84 34 3B E6
25326,130,6,0F 56 06 00 1D E4
25339,25E,8,88 80 00 C6 C2 77 FF 0C
25353,5EA,8,00 24 34 00 E4 34 FC 34
25376,0,8,41 F4 28 00 BF FF 07 FF
25390,25E,8,88 80 00 C6 C2 77 FF 0C
25402,5ED,7,02 EF 7A 6E 40 E8 C8
25415,0,8,41 F4 28 00 BF FF 07 FF
25428,25E,8,88 80 00 C6 C2 77 FF 0C
25441,5ED,7,02 EF 7A 6E 40 E8 C8
25454,0,8,41 F4 28 00 BF FF 07 FF
25467,1C7,6,03 E6 84 34 3B E6
25480,5ED,7,02 EF 7A 6E 40 E8 C8
25493,5EC,8,00 00 03 CB EC 03 2E 11
25506,0,8,41 F4 28 00 BF FF 07 FF
25519,25E,8,88 80 00 C6 C2 77 FF 0C
25532,5EA,8,00 24 34 00 E4 34 FC 34
25545,0,8,41 F4 28 00 BF FF 07 FF
25561,25E,8,88 80 00 C6 C2 77 FF 0C
25574,0,8,41 F4 28 00 BF FF 07 FF
25586,130,6,0F 30 06 00 1D E4
25600,5ED,7,02 EF 7A 6E 40 E8 C8
25611,99,1,08
25623,0,8,41 F4 28 00 BF FF 07 FF
25635,0,8,41 F4 28 00 BF FF 07 FF
25649,25E,8,88 80 00 C6 C2 77 FF 0C
25661,5ED,7,02 EF 7A 6E 40 C8 C8
25674,1C7,6,03 E6 84 34 3B E6
25687,25E,8,88 80 00 C6 C2 77 FF 0C
25700,25E,8,88 80 00 C6 C2 77 FF 0C
25712,5EC,8,00 00 03 CB EC 03 2E 11
25725,0,8,41 F4 28 00 BF FF 07 FF
25738,1C7,6,03 E3 84 34 3B E3
25751,5EA,8,00 24 34 00 E4 34 FC 34
25774,5EE,1,A0
25785,1C7,6,03 E3 84 34 3B E3
25798,25E,8,88 80 00 C6 C2 77 FF 0C
25810,1C7,6,03 E3 84 34 3B E3
25823,5EE,1,A0
25834,130,6,0F A9 06 00 1D E4
25846,5F6,6,5F 88 65 FB FF A0
25860,25E,8,88 80 00 C6 C2 77 FF 0C
25872,2F5,7,00 00 E2 16 00 00 FE
25884,130,6,0F DE 06 00 1D E4
25897,5EB,8,00 30 00 5F FE 00 00 A6
25910,5EA,8,00 24 34 00 E4 34 FC 34
25923,1C7,6,03 E3 84 34 3B E3
25935,130,6,0F 03 06 00 1D E4
25948,25E,8,88 80 00 C6 C2 77 FF 0C
25961,0,8,41 F4 28 00 BF FF 07 FF
25976,130,6,0F 47 06 00 1D E4
25989,5EA,8,00 24 34 00 E4 34 FC 34
26002,5ED,7,02 EF 7A 6E 40 C8 C8
26015,130,6,0F 8B 06 00 1D E4
26028,25E,8,88 80 00 C6 C2 77 FF 0C
26041,0,8,41 F4 28 00 BF FF 07 FF
26053,130,6,0F CF 06 00 1D E4
26066,130,6,0F 30 06 00 1D E4
26079,25E,8,88 80 00 C6 C2 77 FF 0C
26092,0,8,41 F4 28 00 BF FF 07 FF
26104,5EE,1,A0
26117,25E,8,88 80 00 C6 C2 77 FF 0C
26129,25E,8,88 80 00 C6 C2 77 FF 0C
26144,5ED,7,02 EF 7A 6E 40 C8 C8
26158,5EB,8,00 30 00 5F FE 00 00 A6
26181,1C7,6,03 E3 84 34 3B E3
26193,1C7,6,03 E3 84 34 3B E3
26206,130,6,0F DE 06 00 1D E4
26219,25E,8,88 80 00 C6 C2 77 FF 0C
26232,0,8,41 F4 28 00 BF FF 07 FF
26245,5EE,1,A0
26256,5F8,2,00 10
26268,25E,8,88 80 00 C6 C2 77 FF 0C
26280,0,8,41 F4 28 00 BF FF 07 FF
26294,130,6,0F 47 06 00 1D E4
26306,1C7,6,03 E3 84 34 3B E3
26319,25E,8,88 80 00 C6 C2 77 FF 0C
26332,0,8,41 F4 28 00 BF FF 07 FF
26344,5EE,1,A0
26356,25E,8,88 80 00 C6 C2 77 FF 0C
26370,25E,8,88 80 00 C6 C2 77 FF 0C
26382,5EE,1,A0
26396,130,6,0F 21 06 00 1D E4
26409,1C7,6,03 E3 84 34 3B E3
26422,5ED,7,02 EF 7A 6E 40 C8 C8
26434,1C7,6,03 E3 84 34 3B E3
26447,25E,8,88 80 00 C6 C2 77 FF 0C
26461,0,8,41 F4 28 00 BF FF 07 FF
26474,4BA,8,00 CA 00 BE 06 C1 00 C1
26486,130,6,0F 9A 06 00 1D E4
26499,0,8,41 F4 28 00 BF FF 07 FF
26512,2F5,7,00 00 72 14 00 00 FE
26524,5EE,1,A0
26535,1C7,6,03 E3 84 34 3B E3
26549,25E,8,88 80 00 C6 C2 77 FF 0C
26562,0,8,41 F4 28 00 BF FF 07 FF
26574,130,6,0F 03 06 00 1D E4
26588,25E,8,88 80 00 C6 C2 77 FF 0C
26611,0,8,41 F4 28 00 BF FF 07 FF
26625,4BA,8,00 CA 00 BE 06 C1 00 C1
26637,130,6,0F A9 06 00 1D E4
26650,1C7,6,03 E3 84 34 3B E3
26661,5EE,1,A0
26674,130,6,0F ED 06 00 1D E4
26686,130,6,0F DE 06 00 1D E4
26698,25E,8,88 80 00 C6 C2 77 FF 0C
26712,0,8,41 F4 28 00 BF FF 07 FF
26724,5EE,1,A0
26735,5F7,3,00 00 00
26747,25E,8,88 80 00 C6 C2 77 FF 0C
26761,0,8,41 F4 28 00 BF FF 07 FF
26774,4BA,8,00 CA 00 BE 06 C1 00 C1
26786,130,6,0F B8 06 00 1D E4
26800,0,8,41 F4 28 00 BF FF 07 FF
26815,423,8,00 D5 FF 06 65 C8 A1 C8
26828,25E,8,88 80 00 C6 C2 77 FF 0C
26842,0,8,41 F4 28 00 BF FF 07 FF
26855,5F6,6,5F 88 65 FB FF A0
26867,25E,8,88 80 00 C6 C2 77 FF 0C
26881,0,8,41 F4 28 00 BF FF 07 FF
26893,5F5,8,3E 41 3F 9C 01 66 03 80
26906,5EE,1,A0
26917,0,8,41 F4 28 00 BF FF 07 FF
26931,1C7,6,03 E3 84 34 3B E3
26942,5EE,1,A0
26954,130,6,0F A9 06 00 1D E4
26967,25E,8,88 80 00 C6 C2 77 FF 0C
26980,0,8,41 F4 28 00 BF FF 07 FF
26993,1C7,6,03 E3 84 34 3B E3
27004,5EE,1,A0
27017,1C7,6,03 E3 84 34 3B E3
27040,4BA,8,00 CA 00 BE 06 C1 00 C1
27053,130,6,0F 03 06 00 1D E4
27065,5EE,1,A0
27077,25E,8,88 80 00 C6 C2 77 FF 0C
27089,1C7,6,03 E3 84 34 3B E3
27103,4BA,8,00 CA 00 BE 06 C1 00 C1
27115,130,6,0F A9 06 00 1D E4
27128,25E,8,88 80 00 C6 C2 77 FF 0C
27142,0,8,41 F4 28 00 BF FF 07 FF
27154,5F8,2,00 10
27166,25E,8,88 80 00 C6 C2 77 FF 0C
27180,5F9,8,00 00 80 00 99 C8 72 75
27192,423,8,00 D5 FF 06 65 C8 A1 C8
27204,5EE,1,A0
27216,1C7,6,03 E3 84 34 3B E3
27229,5EA,8,00 24 34 00 E4 34 FC 34
27264,5ED,7,02 EF 7A 6E 40 C8 C8
27276,130,6,0F A9 06 00 1D E4
27288,1C7,6,03 E3 84 34 3B E3
27301,5ED,7,02 EF 7A 6E 40 C8 C8
27314,4BA,8,00 CA 00 BE 06 C1 00 C1
27326,5EE,1,A0
27337,0,8,41 F4 28 00 BF FF 07 FF
27351,5EA,8,00 24 34 00 E4 34 FC 34
27363,5EE,1,A0
27374,130,6,0F 03 06 00 1D E4
27386,25E,8,88 80 00 C6 C2 77 FF 0C
27400,0,8,41 F4 28 00 BF FF 07 FF
27412,5EC,8,00 00 03 CB EC 03 2F 11
27425,1C7,6,03 E3 84 34 3B E3
27438,25E,8,88 80 00 C6 C2 77 FF 0C
27451,5EF,5,40 00 20 00 07
27473,4BA,8,00 CA 00 BE 06 C1 00 C1
27486,130,6,0F DE 06 00 1D E4
27499,0,8,41 F4 28 00 BF FF 07 FF
27511,2F5,7,00 00 70 14 00 00 FE
27524,5F3,6,40 C2 1C 04 40 C8
27537,5EB,8,00 30 00 5F FE 00 00 A6
27549,5EA,8,00 24 34 00 E4 34 FC 34
27563,1C7,6,03 E3 84 34 3B E3
27574,5F8,2,00 10
27586,25E,8,88 80 00 C6 C2 77 FF 0C
27599,4BA,8,00 CA 00 BE 06 C1 00 C1
27612,423,8,0C C0 FF 04 65 C8 21 C8
27625,1C7,6,03 E3 84 34 3B E3
27637,25E,8,88 80 00 C6 C2 77 FF 0C
27651,5EA,8,00 24 34 00 E4 34 FC 34
27666,1C7,6,03 E3 84 34 3B E3
27678,0,8,41 F4 28 00 BF FF 07 FF
27692,423,8,0C C0 FF 04 66 C8 21 C8
27705,1C7,6,03 E3 84 34 3B E3
27717,5F6,6,5F 88 65 FB FF A0
27730,5EA,8,00 24 34 00 E4 34 FC 34
27743,1C7,6,03 E3 84 34 3B E3
27756,130,6,0F A9 06 00 1D E4
27768,25E,8,88 80 00 C6 C2 77 FF 0C
27782,0,8,41 F4 28 00 BF FF 07 FF
27794,5F3,6,40 C2 1C 04 40 C8
27806,5EE,1,A0
27819,0,8,41 F4 28 00 BF FF 07 FF
27831,0,8,41 F4 28 00 BF FF 07 FF
27844,130,6,0F 12 06 00 1D E4
27856,5EB,8,00 30 00 5F FE 00 00 A6
27880,4BA,8,00 CA 00 BE 06 C1 00 C1
27893,5EB,8,00 30 00 5F FE 00 00 A6
27907,130,6,0F B8 06 00 1D E4
27919,0,8,41 F4 28 00 BF FF 07 FF
27932,551,8,80 00 80 00 80 00 80 00
27944,1C7,6,03 E3 84 34 3B E3
27958,25E,8,88 80 00 C6 C2 77 FF 0C
27971,5F6,6,5F 88 65 FB FF A0
27983,1C7,6,03 E3 84 34 3B E3
27996,5EB,8,00 30 00 5F FE 00 00 A6
28009,1C7,6,03 E3 84 34 3B E3
28021,5ED,7,02 EF 7A 6E 40 C8 C8
28035,5EB,8,00 30 00 5F FE 00 00 A6
28047,5EE,1,A0
28059,0,8,41 F4 28 00 BF FF 07 FF
28071,423,8,0C C0 FF 04 65 C8 21 C8
28083,130,6,0F 9A 06 00 1D E4
28095,5EB,8,00 30 00 5F FE 00 00 A6
28108,25E,8,88 80 00 C6 C2 77 FF 0C
28122,0,8,41 F4 28 00 BF FF 07 FF
28134,5EB,8,00 30 00 5F FE 00 00 A6
28147,5EE,1,A0
28158,0,8,41 F4 28 00 BF FF 07 FF
28172,423,8,0C C0 FF 04 65 C8 21 C8
28184,1C7,6,03 E3 84 34 3B E3
28197,25E,8,88 80 00 C6 C2 77 FF 0C
28210,5EF,5,40 00 20 00 07
28222,1C7,6,03 E3 84 34 3B E3
28235,5EB,8,00 30 00 5F FE 00 00 A6
28249,25E,8,88 80 00 C6 C2 77 FF 0C
28262,5ED,7,02 EF 7A 6E 40 C8 C8
28284,5EB,8,00 30 00 5F FE 00 00 A6
28298,25E,8,88 80 00 C6 C2 77 FF 0C
28311,0,8,41 F4 28 00 BF FF 07 FF
28324,130,6,0F 12 06 00 1D E4
28337,130,6,0F 03 06 00 1D E4
28349,4BA,8,00 CA 00 BE 06 C1 00 C1
28361,99,1,00
28374,5EB,8,00 30 00 5F FE 00 00 A6
28386,130,6,0F B8 06 00 1D E4
28399,0,8,41 F4 28 00 BF FF 07 FF
28411,551,8,80 00 80 00 80 00 80 00
28425,1C7,6,03 E3 84 34 3B E3
28437,5F6,6,5F 88 65 FB FF A0
28450,0,8,41 F4 28 00 BF FF 07 FF
28463,1C7,6,03 E3 84 34 3B E3
28478,5EB,8,00 30 00 5F FE 00 00 A6
28491,2F5,7,00 00 70 14 00 00 FE
28504,1C7,6,03 E3 84 34 3B E3
28517,25E,8,88 80 00 C6 C2 77 FF 0C
28530,1C7,6,03 E3 84 34 3B E3
28542,4BA,8,00 CA 00 BE 06 C1 00 C1
28556,5EB,8,00 30 00 5F FE 00 00 A6
28568,1C7,6,03 E3 84 34 3B E3
28581,5ED,7,02 EF 7A 6E 40 C8 C8
28594,5EB,8,00 30 00 5F FE 00 00 A6
28606,5EE,1,A0
28618,0,8,41 F4 28 00 BF FF 07 FF
28632,423,8,0C C0 FF 04 65 C8 21 C8
28644,130,6,0F 12 06 00 1D E4
28657,1C7,6,03 E3 84 34 3B E3
28669,5EA,8,00 24 34 00 E4 34 FC 34
28693,130,6,0F 56 06 00 1D E4
28705,130,6,0F B8 06 00 1D E4
28719,0,8,41 F4 28 00 BF FF 07 FF
28732,423,8,0C C0 FF 04 65 C8 21 C8
28744,1C7,6,03 E3 84 34 3B E3
28758,25E,8,88 80 00 C6 C2 77 FF 0C
28770,5EF,5,40 00 20 00 07
28782,4BA,8,00 CA 00 BE 06 C1 00 C1
28795,5EB,8,00 30 00 5F FE 00 00 A6
28810,5EE,1,A0
28821,1C7,6,03 E3 84 34 3B E3
28834,5EB,8,00 30 00 5F FE 00 00 A6
28847,130,6,0F 56 06 00 1D E4
28860,0,8,41 F4 28 00 BF FF 07 FF
28872,1C7,6,03 E3 84 34 3B E3
28884,130,6,0F 9A 06 00 1D E4
28900,25E,8,88 80 00 C6 C2 77 FF 0C
28913,1C7,6,03 E3 84 34 3B E3
28925,130,6,0F DE 06 00 1D E4
28938,0,8,41 F4 28 00 BF FF 07 FF
28951,2F5,7,00 00 70 14 00 00 FE
28963,130,6,0F 12 06 00 1D E4
28976,5EB,8,00 30 00 5F FE 00 00 A6
28988,5EE,1,A0
28999,5ED,7,02 EF 7A 6E 40 C8 C8
29012,5F6,6,5F 88 65 FB FF A0
29025,1C7,6,03 E3 84 34 3B E3
29037,4BA,8,00 CA 00 BE 06 C1 00 C1
29050,5F9,8,00 00 80 00 99 C8 72 75
29063,1C7,6,03 E3 84 34 3B E3
29076,5EB,8,00 30 00 5F FE 00 00 A6
29099,5EE,1,A0
29110,5EC,8,00 00 03 CB EC 03 2E 11
29123,130,6,0F 12 06 00 1D E4
29135,5EB,8,00 30 00 5F FE 00 00 A6
29149,25E,8,88 80 00 C6 C2 77 FF 0C
29161,1C7,6,03 E3 84 34 3B E3
29173,5EB,8,00 30 00 5F FE 00 00 A6
29187,130,6,0F B8 06 00 1D E4
29199,0,8,41 F4 28 00 BF FF 07 FF
29211,5EC,8,00 00 03 CB EC 03 2E 11
29224,1C7,6,03 E3 84 34 3B E3
29237,25E,8,88 80 00 C6 C2 77 FF 0C
29250,5EF,5,40 00 20 00 07
29262,4BA,8,00 CA 00 BE 06 C1 00 C1
29275,5EB,8,00 30 00 5F FE 00 00 A6
29288,25E,8,88 80 00 C6 C2 77 FF 0C
29303,5F6,6,5F 88 65 FB FF A0
29316,5F7,3,00 00 00
29328,1C7,6,03 E3 84 34 3B E3
29340,5ED,7,02 EF 7A 6E 40 C8 C8
29353,4BA,8,00 CA 00 BE 06 C1 00 C1
29366,130,6,0F 9A 06 00 1D E4
29379,0,8,41 F4 28 00 BF FF 07 FF
29391,5EC,8,00 00 03 CB EC 03 2F 11
29405,130,6,0F DE 06 00 1D E4
29417,25E,8,88 80 00 C6 C2 77 FF 0C
29430,0,8,41 F4 28 00 BF FF 07 FF
29444,5F6,6,5F 88 65 FB FF A0
29456,130,6,0F 03 06 00 1D E4
29468,5EA,8,00 24 34 00 E4 34 FC 34
29481,5ED,7,02 EF 7A 6E 40 C8 C8
29505,5EB,8,00 30 00 5F FE 00 00 A6
29518,25E,8,88 80 00 C6 C2 77 FF 0C
29532,551,8,80 00 80 00 80 00 80 00
29544,1C7,6,03 E3 84 34 3B E3
29557,25E,8,88 80 00 C6 C2 77 FF 0C
29571,0,8,41 F4 28 00 BF FF 07 FF
29583,1C7,6,03 E3 84 34 3B E3
29596,5EB,8,00 30 00 5F FE 00 00 A6
29608,4BA,8,00 CA 00 BE 06 C1 00 C1
29622,4BA,8,00 CA 00 BE 06 C1 00 C1
29635,5EB,8,00 30 00 5F FE 00 00 A6
29648,25E,8,88 80 00 C6 C2 77 FF 0C
29661,5F6,6,5F 88 65 FB FF A0
29674,5EB,8,00 30 00 5F FE 00 00 A6
29686,130,6,0F 9A 06 00 1D E4
29703,0,8,41 F4 28 00 BF FF 07 FF
29715,5EB,8,00 30 00 5F FE 00 00 A6
29728,5F1,7,10 4F 00 0B FF C0 00
29742,5ED,7,02 EF 7A 6E 40 C8 C8
29754,5EB,8,00 30 00 5F FE 00 00 A6
29767,25E,8,88 80 00 C6 C2 77 FF 0C
29780,0,8,41 F4 28 00 BF FF 07 FF
29793,5EB,8,00 30 00 5F FE 00 00 A6
29806,130,6,0F 56 06 00 1D E4
29818,0,8,41 F4 28 00 BF FF 07 FF
29832,1C7,6,03 E3 84 34 3B E3
29844,130,6,0F 9A 06 00 1D E4
29857,25E,8,88 80 00 C6 C2 77 FF 0C
29870,5EE,1,20
29881,130,6,0F DE 06 00 1D E4
29904,5EB,8,00 30 00 5F FE 00 00 A6
29918,25E,8,88 80 00 C6 C2 77 FF 0C
29930,0,8,41 F4 28 00 BF FF 07 FF
29943,1C7,6,03 E3 84 34 3B E3
29956,130,6,0F 65 06 00 1D E4
29969,4BA,8,00 CA 00 BE 06 C1 00 C1
29981,5F4,8,16 00 00 00 00 00 01 04
29995,5EB,8,00 30 00 5F FE 00 00 A6
30008,25E,8,88 80 00 C6 C2 77 FF 0C
30021,5F6,6,5F 88 65 FB FF A0
30033,5EB,8,00 30 00 5F FE 00 00 A6
30047,130,6,0F DE 06 00 1D E4
30059,0,8,41 F4 28 00 BF FF 07 FF
30071,1C7,6,03 E3 84 34 3B E3
30085,130,6,0F 12 06 00 1D E4
30100,25E,8,88 80 00 C6 C2 77 FF 0C
30113,5EB,8,00 30 00 5F FE 00 00 A6
30126,130,6,0F 56 06 00 1D E4
30139,0,8,41 F4 28 00 BF FF 07 FF
30151,5EC,8,00 00 03 CB EC 03 2E 11
30164,5F6,6,5F 88 65 FB FF A0
30177,4BA,8,00 CA 00 BE 06 C1 00 C1
30190,0,8,41 F4 28 00 BF FF 07 FF
30203,130,6,0F DE 06 00 1D E4
30215,5F7,3,00 00 00
30228,5EA,8,00 24 34 00 E4 34 FC 34
30240,1C7,6,03 E3 84 34 3B E3
30254,5EB,8,00 30 00 5F FE 00 00 A6
30266,130,6,0F 74 06 00 1D E4
30278,0,8,41 F4 28 00 BF FF 07 FF
30303,5F5,8,3E 41 3F 9C 01 66 03 80
30315,5EB,8,00 30 00 5F FE 00 00 A6
30328,1C7,6,03 E3 84 34 3B E3
30341,99,1,00
30354,5EB,8,00 30 00 5F FE 00 00 A6
30366,130,6,0F DE 06 00 1D E4
30380,0,8,41 F4 28 00 BF FF 07 FF
30392,1C7,6,03 E3 84 34 3B E3
30405,130,6,0F 12 06 00 1D E4
30417,25E,8,88 80 00 C6 C2 77 FF 0C
30431,423,8,0C C0 FF 04 65 C8 21 C8
30443,130,6,0F 56 06 00 1D E4
30456,130,6,0F 47 06 00 1D E4
30469,0,8,41 F4 28 00 BF FF 07 FF
30482,130,6,0F 9A 06 00 1D E4
30494,5EB,8,00 30 00 5F FE 00 00 A6
30510,25E,8,88 80 00 C6 C2 77 FF 0C
30523,5F6,6,5F 88 65 FB FF A0
30535,5EB,8,00 30 00 5F FE 00 00 A6
30548,5EA,8,00 24 34 00 E4 34 FC 34
30561,5ED,7,02 EF 7A 6E 40 C8 C8
30574,5EB,8,00 30 00 5F FE 00 00 A6
30587,25E,8,88 80 00 C6 C2 77 FF 0C
30600,0,8,41 F4 28 00 BF FF 07 FF
30613,5F3,6,40 C2 1C 04 40 C8
30625,130,6,0F B8 06 00 1D E4
30638,0,8,41 F4 28 00 BF FF 07 FF
30650,423,8,0C C0 FF 04 65 C8 21 C8
30663,1C7,6,03 E3 84 34 3B E3
30675,130,6,0F ED 06 00 1D E4
30688,4BA,8,00 CA 00 BE 06 C1 00 C1
30711,5ED,7,02 EF 7A 6E 40 C8 C8
30724,130,6,0F 12 06 00 1D E4
30737,25E,8,88 80 00 C6 C2 77 FF 0C
30749,0,8,41 F4 28 00 BF FF 07 FF
30763,5F3,6,40 C2 1C 04 40 C8
30775,5EB,8,00 30 00 5F FE 00 00 A6
30788,5EA,8,00 24 34 00 E4 34 FC 34
30800,5ED,7,02 EF 7A 6E 40 C8 C8
30814,5EB,8,00 30 00 5F FE 00 00 A6
30826,130,6,0F FC 06 00 1D E4
30838,0,8,41 F4 28 00 BF FF 07 FF
30852,5F5,8,3E 41 3F 9C 01 66 03 80
30864,130,6,0F 30 06 00 1D E4
30877,25E,8,88 80 00 C6 C2 77 FF 0C
30893,0,8,41 F4 28 00 BF FF 07 FF
30905,130,6,0F 74 06 00 1D E4
30918,0,8,41 F4 28 00 BF FF 07 FF
30931,5EC,8,00 00 03 CB EC 03 2E 11
30944,1C7,6,03 E3 84 34 3B E3
30957,4BA,8,00 CA 00 BE 06 C1 00 C1
30969,0,8,41 F4 28 00 BF FF 07 FF
30983,1C7,6,03 E3 84 34 3B E3
30995,5EB,8,00 30 00 5F FE 00 00 A6
31008,5EA,8,00 24 34 00 E4 34 FC 34
31022,1C7,6,03 E3 84 34 3B E3
31034,5EB,8,00 30 00 5F FE 00 00 A6
31047,25E,8,88 80 00 C6 C2 77 FF 0C
31060,5ED,7,02 EF 7A 6E 40 C8 C8
31073,5EB,8,00 30 00 5F FE 00 00 A6
31096,130,6,0F 56 06 00 1D E4
31110,0,8,41 F4 28 00 BF FF 07 FF
31122,5F3,6,40 C2 1C 04 40 C8
31135,5EB,8,00 30 00 5F FE 00 00 A6
31149,5EA,8,00 24 34 00 E4 34 FC 34
31161,5ED,7,02 EF 7A 6E 40 C8 C8
31174,5EB,8,00 30 00 5F FE 00 00 A6
31187,25E,8,88 80 00 C6 C2 77 FF 0C
31200,5ED,7,02 EF 7A 6E 40 C8 C8
31213,5EB,8,00 30 00 5F FE 00 00 A6
31226,130,6,0F 74 06 00 1D E4
31239,0,8,41 F4 28 00 BF FF 07 FF
31251,5EE,1,20
31262,130,6,0F B8 06 00 1D E4
31276,130,6,0F A9 06 00 1D E4
31288,4BA,8,00 CA 00 BE 06 C1 00 C1
31304,5ED,7,02 EF 7A 6E 40 C8 C8
31316,130,6,0F ED 06 00 1D E4
31329,0,8,41 F4 28 00 BF FF 07 FF
31342,1C7,6,03 E3 84 34 3B E3
31354,5EB,8,00 30 00 5F FE 00 00 A6
31368,1C7,6,03 E3 84 34 3B E3
31380,5ED,7,02 EF 7A 6E 40 C8 C8
31393,5EB,8,00 30 00 5F FE 00 00 A6
31407,130,6,0F 56 06 00 1D E4
31419,0,8,41 F4 28 00 BF FF 07 FF
31431,5EE,1,20
31442,130,6,0F 9A 06 00 1D E4
31456,130,6,0F 8B 06 00 1D E4
31468,5EF,5,40 00 20 00 07
31480,5ED,7,02 EF 7A 6E 40 C8 C8
31493,5EB,8,00 30 00 5F FE 00 00 A6
31516,130,6,0F 30 06 00 1D E4
31529,2F5,7,00 00 70 14 00 00 FE
31542,1C7,6,03 E3 84 34 3B E3
31555,5EB,8,00 30 00 5F FE 00 00 A6
31567,1C7,6,03 E3 84 34 3B E3
31581,5ED,7,02 EF 7A 6E 40 C8 C8
31593,5EB,8,00 30 00 5F FE 00 00 A6
31606,130,6,0F 9A 06 00 1D E4
31619,0,8,41 F4 28 00 BF FF 07 FF
31632,4BA,8,00 CA 00 BE 06 C1 00 C1
31645,130,6,0F DE 06 00 1D E4
31657,0,8,41 F4 28 00 BF FF 07 FF
31671,551,8,80 00 80 00 80 00 80 00
31683,130,6,0F 12 06 00 1D E4
31695,130,6,0F 03 06 00 1D E4
31712,0,8,41 F4 28 00 BF FF 07 FF
31724,130,6,0F 56 06 00 1D E4
31736,25E,8,88 80 00 C6 C2 77 FF 0C
31750,2F5,7,00 00 70 14 00 00 FE
31762,130,6,0F 9A 06 00 1D E4
31775,1C7,6,03 E3 84 34 3B E3
31788,5EF,5,40 00 20 00 07
31800,5ED,7,02 EF 7A 6E 40 C8 C8
31813,5EB,8,00 30 00 5F FE 00 00 A6
31825,130,6,0F 30 06 00 1D E4
31839,0,8,41 F4 28 00 BF FF 07 FF
31851,5EE,1,20
31862,130,6,0F 74 06 00 1D E4
31875,5EB,8,00 30 00 5F FE 00 00 A6
31888,4BA,8,00 CA 00 BE 06 C1 00 C1
31903,4BA,8,00 CA 00 BE 06 C1 00 C1
31927,130,6,0F A9 06 00 1D E4
31939,0,8,41 F4 28 00 BF FF 07 FF
31951,5EE,1,20
31963,130,6,0F DE 06 00 1D E4
31976,130,6,0F CF 06 00 1D E4
31988,0,8,41 F4 28 00 BF FF 07 FF
32001,5F8,2,00 10
32013,1C7,6,03 E3 84 34 3B E3
32025,130,6,0F 74 06 00 1D E4
32037,0,8,41 F4 28 00 BF FF 07 FF
32051,5F5,8,3E 41 3F 9C 01 66 03 80
32063,5F8,2,00 10
32075,25E,8,88 80 00 C6 C2 77 FF 0C
32089,0,8,41 F4 28 00 BF FF 07 FF
32101,99,1,00
32112,5EB,8,00 30 00 5F FE 00 00 A6
32125,5F8,2,00 10
32140,0,8,41 F4 28 00 BF FF 07 FF
32152,5EE,1,20
32163,130,6,0F 12 06 00 1D E4
32176,130,6,0F 03 06 00 1D E4
32188,0,8,41 F4 28 00 BF FF 07 FF
32201,4BA,8,00 CA 00 BE 06 C1 00 C1
32214,1C7,6,03 E3 84 34 3B E3
32227,25E,8,88 80 00 C6 C2 77 FF 0C
32239,0,8,41 F4 28 00 BF FF 07 FF
32251,5EE,1,20
32263,130,6,0F FC 06 00 1D E4
32276,4BA,8,00 CA 00 BE 06 C1 00 C1
32288,0,8,41 F4 28 00 BF FF 07 FF
32302,1C7,6,03 E3 84 34 3B E3
32314,5EB,8,00 30 00 5F FE 00 00 A6
32327,25E,8,88 80 00 C6 C2 77 FF 0C
32351,5ED,7,02 EF 7A 6E 40 C8 C8
32363,5F8,2,00 10
32374,130,6,0F 47 06 00 1D E4
32387,5EA,8,00 24 34 00 E4 34 FC 34
32400,5ED,7,02 EF 7A 6E 40 C8 C8
32412,5EE,1,20
32423,5F8,2,00 10
32435,130,6,0F ED 06 00 1D E4
32447,5EF,5,40 00 20 00 07
32459,5ED,7,02 EF 7A 6E 40 C8 C8
32472,5EE,1,20
32483,5F8,2,00 10
32494,130,6,0F 03 06 00 1D E4
32506,5EF,5,40 00 20 00 07
32519,5ED,7,02 EF 7A 6E 40 C8 C8
32531,5EE,1,20
32542,5F8,2,00 10
32553,130,6,0F A9 06 00 1D E4
32567,25E,8,88 80 00 C6 C2 77 FF 0C
32582,5ED,7,02 EF 7A 6E 40 C8 C8
32595,5EB,8,00 30 00 5F FE 00 00 A6
32608,5F1,7,10 4F 00 0B FF C0 00
32621,4BA,8,00 CA 00 BE 06 C1 00 C1
32634,5EB,8,00 30 00 5F FE 00 00 A6
32648,25E,8,88 80 00 C6 C2 77 FF 0C
32660,5ED,7,02 EF 7A 6E 40 C8 C8
32672,5EE,1,20
32685,130,6,0F 56 06 00 1D E4
32697,0,8,41 F4 28 00 BF FF 07 FF
32710,551,8,80 00 80 00 80 00 80 00
32722,5F8,2,00 10
32735,130,6,0F 8B 06 00 1D E4
32747,5EF,5,40 00 20 00 07
32759,5ED,7,02 EF 7A 6E 40 C8 C8
32772,5EE,1,20
32794,130,6,0F 30 06 00 1D E4
32806,25E,8,88 80 00 C6 C2 77 FF 0C
32820,5ED,7,02 EF 7A 6E 40 C8 C8
32832,5EE,1,20
32843,130,6,0F 56 06 00 1D E4
32857,25E,8,88 80 00 C6 C2 77 FF 0C
32870,2F5,7,00 00 70 14 00 00 FE
32882,130,6,0F 9A 06 00 1D E4
32894,130,6,0F 8B 06 00 1D E4
32908,5F1,7,10 4F 00 0B FF C0 00
32920,5ED,7,02 EF 7A 6E 40 C8 C8
32932,5EE,1,20
32945,130,6,0F 30 06 00 1D E4
32957,1C7,6,03 E3 84 34 3B E3
32969,551,8,80 00 80 00 80 00 80 00
32983,1C7,6,03 E3 84 34 3B E3
32995,4BA,8,00 CA 00 BE 06 C1 00 C1
33011,0,8,41 F4 28 00 BF FF 07 FF
33024,5F8,2,00 10
33036,1C7,6,03 E3 84 34 3B E3
33048,0,8,41 F4 28 00 BF FF 07 FF
33061,1C7,6,03 E3 84 34 3B E3
33074,5EE,1,20
33085,1C7,6,03 E3 84 34 3B E3
33097,0,8,41 F4 28 00 BF FF 07 FF
33111,1C7,6,03 E3 84 34 3B E3
33123,130,6,0F 12 06 00 1D E4
33135,130,6,0F 03 06 00 1D E4
33148,0,8,41 F4 28 00 BF FF 07 FF
33161,4BA,8,00 CA 00 BE 06 C1 00 C1
33174,5EE,1,20
33185,5EF,5,40 00 20 00 07
33198,1C7,6,03 E3 84 34 3B E3
33210,5EE,1,20
33221,130,6,0F FC 06 00 1D E4
33245,5EB,8,00 30 00 5F FE 00 00 A6
33258,0,8,41 F4 28 00 BF FF 07 FF
33270,5EE,1,20
33282,1C7,6,03 E3 84 34 3B E3
33295,5EB,8,00 30 00 5F FE 00 00 A6
33308,0,8,41 F4 28 00 BF FF 07 FF
33320,5F8,2,00 10
33332,1C7,6,03 E3 84 34 3B E3
33345,130,6,0F B8 06 00 1D E4
33357,1C7,6,03 E3 84 34 3B E3
33371,5F5,8,3E 41 3F 9C 01 66 03 80
33383,5F8,2,00 10
33394,130,6,0F ED 06 00 1D E4
33408,0,8,41 F4 28 00 BF FF 07 FF
33422,5ED,7,02 EF 7A 6E 40 C8 C8
33434,5EE,1,20
33445,5EA,8,00 24 34 00 E4 34 FC 34
33462,0,8,41 F4 28 00 BF FF 07 FF
33475,5EB,8,00 30 00 5F FE 00 00 A6
33488,0,8,41 F4 28 00 BF FF 07 FF
33501,1C7,6,03 E3 84 34 3B E3
33513,5EE,1,20
33524,1C7,6,03 E3 84 34 3B E3
33538,0,8,41 F4 28 00 BF FF 07 FF
33550,1C7,6,03 E3 84 34 3B E3
33562,5F8,2,00 10
33574,130,6,0F CF 06 00 1D E4
33587,5EF,5,40 00 20 00 07
33599,5ED,7,02 EF 7A 6E 40 C8 C8
33612,1C7,6,03 E3 84 34 3B E3
33625,130,6,0F 74 06 00 1D E4
33637,1C7,6,03 E3 84 34 3B E3
33650,5F5,8,3E 41 3F 9C 01 66 03 80
33674,25E,8,88 80 00 C6 C2 77 FF 0C
33687,130,6,0F 9A 06 00 1D E4
33699,5ED,7,02 EF 7A 6E 40 C8 C8
33713,5EB,8,00 30 00 5F FE 00 00 A6
33725,1C7,6,03 E3 84 34 3B E3
33738,0,8,41 F4 28 00 BF FF 07 FF
33751,99,1,00
33762,1C7,6,03 E3 84 34 3B E3
33775,4BA,8,00 CA 00 BE 06 C1 00 C1
33787,0,8,41 F4 28 00 BF FF 07 FF
33800,5F8,2,00 10
33812,1C7,6,03 E3 84 34 3B E3
33825,25E,8,88 80 00 C6 C2 77 FF 0C
33838,1C7,6,03 E3 84 34 3B E3
33851,5F3,6,40 C2 1C 04 40 C8
33863,25E,8,88 80 00 C6 C2 77 FF 0C
33879,130,6,0F ED 06 00 1D E4
33892,1C7,6,03 E3 84 34 3B E3
33904,25E,8,88 80 00 C6 C2 77 FF 0C
33917,25E,8,88 80 00 C6 C2 77 FF 0C
33930,5EC,8,00 00 03 CB EC 03 2E 11
33943,25E,8,88 80 00 C6 C2 77 FF 0C
33955,130,6,0F 65 06 00 1D E4
33969,2F5,7,00 00 70 14 00 00 FE
33981,1C7,6,03 E3 84 34 3B E3
33993,5EB,8,00 30 00 5F FE 00 00 A6
34007,5EA,8,00 24 34 00 E4 34 FC 34
34019,5ED,7,02 EF 7A 6E 40 C8 C8
34032,5EB,8,00 30 00 5F FE 00 00 A6
34044,1C7,6,03 E3 84 34 3B E3
34058,0,8,41 F4 28 00 BF FF 07 FF
34081,5EB,8,00 30 00 5F FE 00 00 A6
34094,1C7,6,03 E3 84 34 3B E3
34106,130,6,0F 74 06 00 1D E4
34118,5ED,7,02 EF 7A 6E 40 C8 C8
34131,1C7,6,03 E3 84 34 3B E3
34144,25E,8,88 80 00 C6 C2 77 FF 0C
34157,130,6,0F A9 06 00 1D E4
34169,5EC,8,00 00 03 CB EC 03 2F 11
34183,25E,8,88 80 00 C6 C2 77 FF 0C
34195,4BA,8,00 CA 00 BE 06 C1 00 C1
34208,0,8,41 F4 28 00 BF FF 07 FF
34221,1C7,6,03 E3 84 34 3B E3
34233,5EB,8,00 30 00 5F FE 00 00 A6
34246,5EA,8,00 24 34 00 E4 34 FC 34
34259,5ED,7,02 EF 7A 6E 40 C8 C8
34275,5EB,8,00 30 00 5F FE 00 00 A6
34288,0,8,41 F4 28 00 BF FF 07 FF
34300,99,1,00
34312,5EB,8,00 30 00 5F FE 00 00 A6
34325,1C7,6,03 E3 84 34 3B E3
34337,5F6,6,5F 88 65 FB FF A0
34351,5EB,8,00 30 00 5F FE 00 00 A6
34363,1C7,6,03 E3 84 34 3B E3
34376,130,6,0F CF 06 00 1D E4
34388,551,8,80 00 80 00 80 00 80 00
34401,5F8,2,00 10
34413,5EB,8,00 30 00 5F FE 00 00 A6
34426,5EA,8,00 24 34 00 E4 34 FC 34
34440,5ED,7,02 EF 7A 6E 40 C8 C8
34452,1C7,6,03 E3 84 34 3B E3
34465,5EA,8,00 24 34 00 E4 34 FC 34
34489,0,8,41 F4 28 00 BF FF 07 FF
34501,1C7,6,03 E3 84 34 3B E3
34513,5EE,1,20
34526,5F1,7,10 4F 00 0B FF C0 00
34538,5ED,7,02 EF 7A 6E 40 C8 C8
34551,5F6,6,5F 88 65 FB FF A0
34564,1C7,6,03 E3 84 34 3B E3
34577,0,8,41 F4 28 00 BF FF 07 FF
34589,5EC,8,00 00 03 CB EC 03 2E 11
34603,1C7,6,03 E3 84 34 3B E3
34615,5EE,1,20
34626,0,8,41 F4 28 00 BF FF 07 FF
34639,5ED,7,02 EF 7A 6E 40 C8 C8
34653,1C7,6,03 E3 84 34 3B E3
34665,5EA,8,00 24 34 00 E4 34 FC 34
34678,0,8,41 F4 28 00 BF FF 07 FF
34694,1C7,6,03 E3 84 34 3B E3
34706,4BA,8,00 CA 00 BE 06 C1 00 C1
34719,5ED,7,02 EF 7A 6E 40 C8 C8
34733,1C7,6,03 E3 84 34 3B E3
34745,5EA,8,00 24 34 00 E4 34 FC 34
34758,0,8,41 F4 28 00 BF FF 07 FF
34771,1C7,6,03 E3 84 34 3B E3
34784,5EA,8,00 24 34 00 E4 34 FC 34
34797,5F1,7,10 4F 00 0B FF C0 00
34809,4BA,8,00 CA 00 BE 06 C1 00 C1
34823,5EA,8,00 24 34 00 E4 34 FC 34
34836,25E,8,88 80 00 C6 C2 77 FF 0C
34849,551,8,80 00 80 00 80 00 80 00
34863,5EA,8,00 24 34 00 E4 34 FC 34
34876,25E,8,88 80 00 C6 C2 77 FF 0C
34899,2F5,7,00 00 70 14 00 00 FE
34912,5F6,6,5F 88 65 FB FF A0
34925,1C7,6,03 E3 84 34 3B E3
34937,0,8,41 F4 28 00 BF FF 07 FF
34951,5EB,8,00 30 00 5F FE 00 00 A6
34965,1C7,6,03 E3 84 34 3B E3
34978,5F4,8,0E 01 02 0A 01 01 01 01
34991,5EB,8,00 30 00 5F FE 00 00 A6
35004,1C7,6,03 E3 84 34 3B E3
35017,0,8,41 F4 28 00 BF FF 07 FF
35030,5EB,8,00 30 00 5F FE 00 00 A6
35043,1C7,6,03 E3 84 34 3B E3
35056,25E,8,88 80 00 C6 C2 77 FF 0C
35068,423,8,0C C0 FF 04 65 C8 21 C8
35082,1C7,6,03 E3 84 34 3B E3
35092,4BA,8,00 CA 00 BE 06 C1 00 C1
35105,5EA,8,00 24 34 00 E4 34 FC 34
35119,5ED,7,02 EF 7A 6E 40 C8 C8
35131,1C7,6,03 E3 84 34 3B E3
35144,5EA,8,00 24 34 00 E4 34 FC 34
35158,1C7,6,03 E3 84 34 3B E3
35170,5F3,6,40 C2 1C 04 40 C8
35183,5EA,8,00 24 34 00 E4 34 FC 34
35195,25E,8,88 80 00 C6 C2 77 FF 0C
35209,423,8,0C C0 FF 04 65 C8 21 C8
35222,5EA,8,00 24 34 00 E4 34 FC 34
35235,25E,8,88 80 00 C6 C2 77 FF 0C
35249,0,8,41 F4 28 00 BF FF 07 FF
35261,1C7,6,03 E3 84 34 3B E3
35284,4BA,8,00 CA 00 BE 06 C1 00 C1
35298,0,8,41 F4 28 00 BF FF 07 FF
35310,5EB,8,00 30 00 5F FE 00 00 A6
35323,1C7,6,03 E3 84 34 3B E3
35336,130,6,0F CF 06 00 1D E4
35349,5EC,8,00 00 03 CB EC 03 2E 11
35362,1C7,6,03 E3 84 34 3B E3
35375,25E,8,88 80 00 C6 C2 77 FF 0C
35388,0,8,41 F4 28 00 BF FF 07 FF
35400,99,1,00
35411,5EB,8,00 30 00 5F FE 00 00 A6
35425,5EA,8,00 24 34 00 E4 34 FC 34
35438,0,8,41 F4 28 00 BF FF 07 FF
35451,1C7,6,03 E3 84 34 3B E3
35464,5EA,8,00 24 34 00 E4 34 FC 34
35477,1C7,6,03 E3 84 34 3B E3
35492,1C7,6,03 E3 84 34 3B E3
35505,5EA,8,00 24 34 00 E4 34 FC 34
35518,0,8,41 F4 28 00 BF FF 07 FF
35530,1C7,6,03 E3 84 34 3B E3
35543,5EA,8,00 24 34 00 E4 34 FC 34
35556,25E,8,88 80 00 C6 C2 77 FF 0C
35569,5EC,8,00 00 03 CB EC 03 2E 11
35582,5EA,8,00 24 34 00 E4 34 FC 34
35595,25E,8,88 80 00 C6 C2 77 FF 0C
35608,0,8,41 F4 28 00 BF FF 07 FF
35620,1C7,6,03 E3 84 34 3B E3
35633,5EB,8,00 30 00 5F FE 00 00 A6
35646,130,6,0F DE 06 00 1D E4
35658,5F8,2,00 10
35670,5EB,8,00 30 00 5F FE 00 00 A6
35693,1C7,6,03 E3 84 34 3B E3
35705,5F6,6,5F 88 65 FB FF A0
35718,5F8,2,00 10
35729,99,1,00
35740,5EA,8,00 24 34 00 E4 34 FC 34
35753,5EB,8,00 30 00 5F FE 00 00 A6
35766,130,6,0F 9A 06 00 1D E4
35779,5ED,7,02 EF 7A 6E 40 C8 C8
35791,5EB,8,00 30 00 5F FE 00 00 A6
35805,1C7,6,03 E3 84 34 3B E3
35816,5EE,1,20
35828,4BA,8,00 CA 00 BE 06 C1 00 C1
35841,99,1,00
35852,5EB,8,00 30 00 5F FE 00 00 A6
35865,5EA,8,00 24 34 00 E4 34 FC 34
35877,5EE,1,20
35889,1C7,6,03 E3 84 34 3B E3
35904,5EA,8,00 24 34 00 E4 34 FC 34
35917,1C7,6,03 E3 84 34 3B E3
35930,1C7,6,03 E3 84 34 3B E3
35943,5EA,8,00 24 34 00 E4 34 FC 34
35955,25E,8,88 80 00 C6 C2 77 FF 0C
35969,5EC,8,00 00 03 CB EC 03 2E 11
35982,5EA,8,00 24 34 00 E4 34 FC 34
35995,25E,8,88 80 00 C6 C2 77 FF 0C
36007,2F5,7,00 00 70 14 00 00 FE
36021,5EA,8,00 24 34 00 E4 34 FC 34
36034,5EB,8,00 30 00 5F FE 00 00 A6
36047,0,8,41 F4 28 00 BF FF 07 FF
36060,1C7,6,03 E3 84 34 3B E3
36073,5EB,8,00 30 00 5F FE 00 00 A6
36086,25E,8,88 80 00 C6 C2 77 FF 0C
36110,5ED,7,02 EF 7A 6E 40 C8 C8
36122,1C7,6,03 E3 84 34 3B E3
36135,25E,8,88 80 00 C6 C2 77 FF 0C
36149,423,8,0C C0 FF 04 65 C8 21 C8
36161,1C7,6,03 E3 84 34 3B E3
36174,4BA,8,00 CA 00 BE 06 C1 00 C1
36188,0,8,41 F4 28 00 BF FF 07 FF
36200,1C7,6,03 E3 84 34 3B E3
36213,5EB,8,00 30 00 5F FE 00 00 A6
36226,25E,8,88 80 00 C6 C2 77 FF 0C
36239,5ED,7,02 EF 7A 6E 40 C8 C8
36252,1C7,6,03 E3 84 34 3B E3
36264,5EA,8,00 24 34 00 E4 34 FC 34
36277,5EE,1,20
36289,1C7,6,03 E3 84 34 3B E3
36304,5EA,8,00 24 34 00 E4 34 FC 34
36318,5F9,8,00 00 80 00 99 C8 72 75
36330,1C7,6,03 E3 84 34 3B E3
36343,5EA,8,00 24 34 00 E4 34 FC 34
36357,130,6,0F 65 06 00 1D E4
36369,4BA,8,00 CA 00 BE 06 C1 00 C1
36382,5EA,8,00 24 34 00 E4 34 FC 34
36396,25E,8,88 80 00 C6 C2 77 FF 0C
36409,423,8,0C C0 FF 04 65 C8 21 C8
36421,5EA,8,00 24 34 00 E4 34 FC 34
36434,25E,8,88 80 00 C6 C2 77 FF 0C
36448,2F5,7,00 00 70 14 00 00 FE
36461,5F9,8,00 00 80 00 99 C8 72 75
36473,5EB,8,00 30 00 5F FE 00 00 A6
36498,0,8,41 F4 28 00 BF FF 07 FF
36512,5EB,8,00 30 00 5F FE 00 00 A6
36525,5EF,5,40 00 20 00 07
36537,5EE,1,20
36549,5EB,8,00 30 00 5F FE 00 00 A6
36561,1C7,6,03 E3 84 34 3B E3
36575,25E,8,88 80 00 C6 C2 77 FF 0C
36587,0,8,41 F4 28 00 BF FF 07 FF
36600,1C7,6,03 E3 84 34 3B E3
36613,5EB,8,00 30 00 5F FE 00 00 A6
36626,130,6,0F 30 06 00 1D E4
36639,4BA,8,00 CA 00 BE 06 C1 00 C1
36652,1C7,6,03 E3 84 34 3B E3
36664,5EF,5,40 00 20 00 07
36677,0,8,41 F4 28 00 BF FF 07 FF
36689,1C7,6,03 E3 84 34 3B E3
36705,5EA,8,00 24 34 00 E4 34 FC 34
36718,5EE,1,20
36729,1C7,6,03 E3 84 34 3B E3
36743,5EA,8,00 24 34 00 E4 34 FC 34
36756,25E,8,88 80 00 C6 C2 77 FF 0C
36768,5EC,8,00 00 03 CB EC 03 2F 11
36782,5EA,8,00 24 34 00 E4 34 FC 34
36795,25E,8,88 80 00 C6 C2 77 FF 0C
36808,2F5,7,00 00 70 14 00 00 FE
36820,5F9,8,00 00 80 00 99 C8 72 75
36834,5EB,8,00 30 00 5F FE 00 00 A6
36847,0,8,41 F4 28 00 BF FF 07 FF
36859,1C7,6,03 E3 84 34 3B E3
36873,5EB,8,00 30 00 5F FE 00 00 A6
36886,25E,8,88 80 00 C6 C2 77 FF 0C
36909,5EE,1,20
36921,1C7,6,03 E3 84 34 3B E3
36933,5EB,8,00 30 00 5F FE 00 00 A6
36946,130,6,0F 30 06 00 1D E4
36959,1C7,6,03 E3 84 34 3B E3
36971,1C7,6,03 E3 84 34 3B E3
36984,5EA,8,00 24 34 00 E4 34 FC 34
36998,0,8,41 F4 28 00 BF FF 07 FF
37010,1C7,6,03 E3 84 34 3B E3
37023,5EA,8,00 24 34 00 E4 34 FC 34
37037,1C7,6,03 E3 84 34 3B E3
37048,99,1,00
37060,5EA,8,00 24 34 00 E4 34 FC 34
37073,5EB,8,00 30 00 5F FE 00 00 A6
37086,130,6,0F DE 06 00 1D E4
37099,5ED,7,02 EF 7A 6E 40 C8 C8
37114,5EB,8,00 30 00 5F FE 00 00 A6
37127,0,8,41 F4 28 00 BF FF 07 FF
37140,1C7,6,03 E3 84 34 3B E3
37152,5EB,8,00 30 00 5F FE 00 00 A6
37166,25E,8,88 80 00 C6 C2 77 FF 0C
37178,4BA,8,00 CA 00 BE 06 C1 00 C1
37191,5EB,8,00 30 00 5F FE 00 00 A6
37204,5EA,8,00 24 34 00 E4 34 FC 34
37217,0,8,41 F4 28 00 BF FF 07 FF
37230,5EB,8,00 30 00 5F FE 00 00 A6
37243,1C7,6,03 E3 84 34 3B E3
37256,130,6,0F CF 06 00 1D E4
37268,5EC,8,00 00 03 CB EC 03 2E 11
37280,1C7,6,03 E3 84 34 3B E3
37293,5F7,3,00 00 00
37315,130,6,0F 74 06 00 1D E4
37327,5EC,8,00 00 03 CB EC 83 2E 11
37341,5EA,8,00 24 34 00 E4 34 FC 34
37353,5F7,3,00 00 00
37365,0,8,41 F4 28 00 BF FF 07 FF
37378,5ED,7,02 EF 7A 6E 40 C8 C8
37391,5EB,8,00 30 00 5F FE 00 00 A6
37403,1C7,6,03 E3 84 34 3B E3
37416,0,8,41 F4 28 00 BF FF 07 FF
37429,5F6,6,5F 88 65 FB FF A0
37441,1C7,6,03 E3 84 34 3B E3
37454,25E,8,88 80 00 C6 C2 77 FF 0C
37467,0,8,41 F4 28 00 BF FF 07 FF
37480,1C7,6,03 E3 84 34 3B E3
37492,5EB,8,00 30 00 5F FE 00 00 A6
37506,25E,8,88 80 00 C6 C2 77 FF 0C
37521,5ED,7,02 EF 7A 6E 40 C8 C8
37534,25E,8,88 80 00 C6 C2 77 FF 0C
37548,0,8,41 F4 28 00 BF FF 07 FF
37560,1C7,6,03 E3 84 34 3B E3
37572,5EB,8,00 30 00 5F FE 00 00 A6
37585,25E,8,88 80 00 C6 C2 77 FF 0C
37599,4BA,8,00 CA 00 BE 06 C1 00 C1
37612,1C7,6,03 E3 84 34 3B E3
37624,25E,8,88 80 00 C6 C2 77 FF 0C
37638,5ED,7,02 EF 7A 6E 40 C8 C8
37651,1C7,6,03 E3 84 34 3B E3
37663,5EA,8,00 24 34 00 E4 34 FC 34
37677,130,6,0F A9 06 00 1D E4
37689,1C7,6,03 E3 84 34 3B E3
37701,5EA,8,00 24 34 00 E4 34 FC 34
37726,25E,8,88 80 00 C6 C2 77 FF 0C
37739,5ED,7,02 EF 7A 6E 40 C8 C8
37751,5EB,8,00 30 00 5F FE 00 00 A6
37765,4BA,8,00 CA 00 BE 06 C1 00 C1
37778,4BA,8,00 CA 00 BE 06 C1 00 C1
37790,5F6,6,5F 88 65 FB FF A0
37804,1C7,6,03 E3 84 34 3B E3
37816,130,6,0F 47 06 00 1D E4
37829,5F9,8,00 00 80 00 99 C8 72 75
37841,1C7,6,03 E3 84 34 3B E3
37855,25E,8,88 80 00 C6 C2 77 FF 0C
37868,423,8,0C C0 FF 04 65 C8 21 C8
37880,1C7,6,03 E3 84 34 3B E3
37894,25E,8,88 80 00 C6 C2 77 FF 0C
37909,130,6,0F 30 06 00 1D E4
37921,1C7,6,03 E3 84 34 3B E3
37935,25E,8,88 80 00 C6 C2 77 FF 0C
37948,423,8,0C C0 FF 04 65 C8 21 C8
37960,1C7,6,03 E3 84 34 3B E3
37974,25E,8,88 80 00 C6 C2 77 FF 0C
37986,130,6,0F B8 06 00 1D E4
37998,5EE,1,20
38010,5EB,8,00 30 00 5F FE 00 00 A6
38024,5EA,8,00 24 34 00 E4 34 FC 34
38036,130,6,0F ED 06 00 1D E4
38049,1C7,6,03 E3 84 34 3B E3
38062,5EA,8,00 24 34 00 E4 34 FC 34
38077,25E,8,88 80 00 C6 C2 77 FF 0C
38089,1C7,6,03 E3 84 34 3B E3
38103,5EA,8,00 24 34 00 E4 34 FC 34
38126,25E,8,88 80 00 C6 C2 77 FF 0C
38139,1C7,6,03 E3 84 34 3B E3
38152,5EB,8,00 30 00 5F FE 00 00 A6
38165,25E,8,88 80 00 C6 C2 77 FF 0C
38178,5ED,7,02 EF 7A 6E 40 C8 C8
38191,5EB,8,00 30 00 5F FE 00 00 A6
38204,5EF,5,40 00 20 00 07
38216,5ED,7,02 EF 7A 6E 40 C8 C8
38230,5EB,8,00 30 00 5F FE 00 00 A6
38242,1C7,6,03 E3 84 34 3B E3
38255,130,6,0F 03 06 00 1D E4
38267,5EC,8,00 00 03 CB EC 03 2E 11
38280,5EE,1,20
38291,5F8,2,00 10
38303,25E,8,88 80 00 C6 C2 77 FF 0C
38317,130,6,0F A9 06 00 1D E4
38332,1C7,6,03 E3 84 34 3B E3
38344,25E,8,88 80 00 C6 C2 77 FF 0C
38358,5ED,7,02 EF 7A 6E 40 C8 C8
38370,1C7,6,03 E3 84 34 3B E3
38383,5EA,8,00 24 34 00 E4 34 FC 34
38395,130,6,0F 21 06 00 1D E4
38409,1C7,6,03 E3 84 34 3B E3
38421,5EA,8,00 24 34 00 E4 34 FC 34
38434,25E,8,88 80 00 C6 C2 77 FF 0C
38448,551,8,80 00 80 00 80 00 80 00
38460,5EE,1,20
38471,5F8,2,00 10
38483,25E,8,88 80 00 C6 C2 77 FF 0C
38496,130,6,0F 8B 06 00 1D E4
38509,5F6,6,5F 88 65 FB FF A0
38521,1C7,6,03 E3 84 34 3B E3
38545,25E,8,88 80 00 C6 C2 77 FF 0C
38558,4BA,8,00 CA 00 BE 06 C1 00 C1
38572,1C7,6,03 E3 84 34 3B E3
38584,25E,8,88 80 00 C6 C2 77 FF 0C
38597,5ED,7,02 EF 7A 6E 40 C8 C8
38609,1C7,6,03 E3 84 34 3B E3
38623,5EA,8,00 24 34 00 E4 34 FC 34
38636,130,6,0F A9 06 00 1D E4
38648,1C7,6,03 E3 84 34 3B E3
38661,5EA,8,00 24 34 00 E4 34 FC 34
38674,25E,8,88 80 00 C6 C2 77 FF 0C
38687,423,8,0C C0 FF 04 65 C8 21 C8
38700,5EE,1,20
38711,5F8,2,00 10
38723,25E,8,88 80 00 C6 C2 77 FF 0C
38736,130,6,0F 03 06 00 1D E4
38752,5EB,8,00 30 00 5F FE 00 00 A6
38764,25E,8,88 80 00 C6 C2 77 FF 0C
38777,5ED,7,02 EF 7A 6E 40 C8 C8
38790,5EB,8,00 30 00 5F FE 00 00 A6
38803,1C7,6,03 E3 84 34 3B E3
38815,130,6,0F 8B 06 00 1D E4
38828,5F3,6,40 C2 1C 04 40 C8
38840,5EE,1,20
38851,25E,8,88 80 00 C6 C2 77 FF 0C
38864,25E,8,88 80 00 C6 C2 77 FF 0C
38878,5ED,7,02 EF 7A 6E 40 C8 C8
38890,1C7,6,03 E3 84 34 3B E3
38902,5EA,8,00 24 34 00 E4 34 FC 34
38916,130,6,0F 65 06 00 1D E4
38928,1C7,6,03 E3 84 34 3B E3
38950,5EE,1,20
38962,4BA,8,00 CA 00 BE 06 C1 00 C1
38975,130,6,0F 8B 06 00 1D E4
38987,5EC,8,00 00 03 CB EC 03 2E 11
39000,5EE,1,20
39012,25E,8,88 80 00 C6 C2 77 FF 0C
39024,25E,8,88 80 00 C6 C2 77 FF 0C
39037,4BA,8,00 CA 00 BE 06 C1 00 C1
39050,1C7,6,03 E3 84 34 3B E3
39063,5EA,8,00 24 34 00 E4 34 FC 34
39075,130,6,0F 65 06 00 1D E4
39088,1C7,6,03 E3 84 34 3B E3
39100,5EE,1,20
39112,25E,8,88 80 00 C6 C2 77 FF 0C
39124,25E,8,88 80 00 C6 C2 77 FF 0C
39138,5ED,7,02 EF 7A 6E 40 C8 C8
39150,5EB,8,00 30 00 5F FE 00 00 A6
39166,25E,8,88 80 00 C6 C2 77 FF 0C
39179,5EE,1,20
39190,5EB,8,00 30 00 5F FE 00 00 A6
39203,4BA,8,00 CA 00 BE 06 C1 00 C1
39217,4BA,8,00 CA 00 BE 06 C1 00 C1
39230,5F6,6,5F 88 65 FB FF 80
39242,5EA,8,00 03 FF 00 24 34 FB FF
39256,5ED,7,02 EF 7A 6E 40 C8 C8
39269,5EB,8,00 30 00 5F FE 00 00 A6
39281,1C7,6,03 E6 84 34 3B E6
39294,25E,8,88 80 00 C6 C2 77 FF 0C
39308,5EC,8,00 00 03 CB EC 02 00 11
39320,1C7,6,03 E6 84 34 3B E6
39333,25E,8,88 80 00 C6 C2 77 FF 0C
39346,1C7,6,03 E6 84 34 3B E6
39364,1C7,6,03 E6 84 34 3B E6
39377,5ED,7,02 EF 7A 6E 40 C8 C8
39390,5EB,8,00 30 00 5F FE 00 00 A6
39403,5EF,5,40 00 20 00 07
39415,5ED,7,02 EF 7A 6E 40 C8 C8
39428,5EE,1,B4
39440,1C7,6,03 E6 84 34 3B E6
39452,5EB,8,00 30 00 5F FE 00 00 A6
39465,1C7,6,03 E6 84 34 3B E6
39478,5ED,7,02 EF 7A 6E 40 C8 C8
39491,5EB,8,00 30 00 5F FE 00 00 A6
39504,25E,8,88 80 00 C6 C2 77 FF 0C
39518,4BA,8,00 CA 00 BE 06 C1 00 C1
39530,1C7,6,03 E6 84 34 3B E6
39542,5EF,5,40 00 20 00 07
39558,5ED,7,02 EF 7A 6E 40 C8 C8
39571,5EB,8,00 30 00 5F FE 00 00 A6
39584,25E,8,88 80 00 C6 C2 77 FF 0C
39597,5ED,7,02 EF 7A 6E 40 C8 C8
39612,1C7,6,03 E6 84 34 3B E6
39624,25E,8,88 80 00 C6 C2 77 FF 0C
39638,4BA,8,00 CA 00 BE 06 C1 00 C1
39650,1C7,6,03 E6 84 34 3B E6
39663,5F6,6,5F 88 65 FB FF 80
39675,5ED,7,02 EF 7A 6E 40 C8 C8
39689,1C7,6,03 E6 84 34 3B E6
39701,5EA,8,00 03 FF 00 24 34 FB FF
39714,1C7,6,03 E6 84 34 3B E6
39727,5F4,8,05 44 0A AA 00 02 4A 2C
39739,5EE,1,B4
39751,25E,8,88 80 00 C6 C2 77 FF 0C
39775,25E,8,88 80 00 C6 C2 77 FF 0C
39788,5EB,8,00 30 00 5F FE 00 00 A6
39801,1C7,6,03 E6 84 34 3B E6
39814,25E,8,88 80 00 C6 C2 77 FF 0C
39827,5EC,8,00 00 03 CB EC 80 00 11
39839,5EE,1,B4
39852,25E,8,88 80 00 C6 C2 77 FF 0C
39865,25E,8,88 80 00 C6 C2 77 FF 0C
39877,4BA,8,00 CA 00 BE 06 C1 00 C1
39890,4BA,8,00 CA 00 BE 06 C1 00 C1
39904,25E,8,88 80 00 C6 C2 77 FF 0C
39917,5ED,7,02 EF 7A 6E 40 C8 C8
39930,1C7,6,03 E6 84 34 3B E6
39943,5EF,5,40 00 20 00 07
39955,5ED,7,02 EF 7A 6E 40 C8 C8
39970,5F3,6,00 C2 1C 04 40 C8
39983,4BA,8,00 CA 00 BE 06 C1 00 C1
39996,4BA,8,00 CA 00 BE 06 C1 00 C1
40009,1C7,6,03 E6 84 34 3B E6
40023,5EA,8,00 03 FF 00 24 34 FB FF
40035,5ED,7,02 EF 7A 6E 40 C8 C8
40048,1C7,6,03 E6 84 34 3B E6
40060,5EA,8,00 03 FF 00 24 34 FB FF
40074,1C7,6,03 E6 84 34 3B E6
40086,5EC,8,00 00 03 CB EC 00 00 11
40099,5EA,8,00 03 FF 00 24 34 FB FF
40113,5EB,8,00 30 00 5F FE 00 00 A6
40126,5EC,8,00 00 03 CB EC 80 00 11
40138,5EA,8,00 03 FF 00 24 34 FB FF
40152,5EE,1,B4
40173,5FB,3,01 00 00
40185,5EC,8,00 00 03 CB EC 00 00 11
40199,5ED,7,02 EF 7A 6E 40 C8 C8
40211,5EB,8,00 30 00 5F FE 00 00 A6
40224,25E,8,88 80 00 C6 C2 77 FF 0C
40238,5F3,6,00 C2 1C 04 40 C8
40250,4BA,8,00 CA 00 BE 06 C1 00 C1
40263,25E,8,88 80 00 C6 C2 77 FF 0C
40276,5ED,7,02 EF 7A 6E 40 C8 C8
40289,1C7,6,03 E6 84 34 3B E6
40302,5EA,8,00 03 FF 00 24 34 FB FF
40315,5ED,7,02 EF 7A 6E 40 C8 C8
40328,1C7,6,03 E6 84 34 3B E6
40341,5EA,8,00 03 FF 00 24 34 FB FF
40353,1C7,6,03 E6 84 34 3B E6
40369,5EC,8,00 00 03 CB EC 00 00 11
40382,5EA,8,00 03 FF 00 24 34 FB FF
40395,5ED,7,02 EF 7A 6E 40 C8 C8
40408,1C7,6,03 E6 84 34 3B E6
40420,5EA,8,00 03 FF 00 24 34 FB FF
40433,1C7,6,03 E6 84 34 3B E6
40445,5EC,8,00 00 03 CB EC 00 00 11
40459,5EA,8,00 03 FF 00 24 34 FB FF
40471,5EB,8,00 30 00 5F FE 00 00 A6
40484,5EC,8,00 00 03 CB EC 00 00 11
40497,1C7,6,03 E6 84 34 3B E6
40510,5EB,8,00 30 00 5F FE 00 00 A6
40522,4BA,8,00 CA 00 BE 06 C1 00 C1
40536,4BA,8,00 CA 00 BE 06 C1 00 C1
40549,4BA,8,00 CA 00 BE 06 C1 00 C1
40571,1C7,6,03 E6 84 34 3B E6
40585,1C7,6,03 E6 84 34 3B E6
40597,5F3,6,00 C2 1C 04 40 C8
40609,1C7,6,03 E6 84 34 3B E6
40622,5EF,5,40 00 20 00 07
40634,5ED,7,02 EF 7A 6E 40 C8 C8
40646,5EC,8,00 00 03 CB EC 00 00 11
40659,5EA,8,00 03 FF 00 24 34 FB FF
40672,5EE,1,B4
40683,5EC,8,00 00 03 CB EC 00 00 11
40696,1C7,6,03 E6 84 34 3B E6
40709,5EB,8,00 30 00 5F FE 00 00 A6
40722,5EA,8,00 03 FF 00 24 34 FB FF
40734,1C7,6,03 E6 84 34 3B E6
40748,5EB,8,00 30 00 5F FE 00 00 A6
40763,1C7,6,03 E6 84 34 3B E6
40775,4BA,8,00 CA 00 BE 06 C1 00 C1
40788,4BA,8,00 CA 00 BE 06 C1 00 C1
40802,1C7,6,03 E6 84 34 3B E6
40814,1C7,6,03 E6 84 34 3B E6
40827,5EB,8,00 30 00 5F FE 00 00 A6
40840,1C7,6,03 E6 84 34 3B E6
40853,25E,8,88 80 00 C6 C2 77 FF 0C
40865,1C7,6,03 E6 84 34 3B E6
40879,1C7,6,03 E6 84 34 3B E6
40891,5EB,8,00 30 00 5F FE 00 00 A6
40904,1C7,6,03 E6 84 34 3B E6
40916,5ED,7,02 EF 7A 6E 40 C8 C8
40930,5EB,8,00 30 00 5F FE 00 00 A6
40943,4BA,8,00 CA 00 BE 06 C1 00 C1
40967,4BA,8,00 CA 00 BE 06 C1 00 C1
40980,5EA,8,00 03 FF 00 24 34 FB FF
40992,1C7,6,03 E6 84 34 3B E6
41006,5EC,8,00 00 03 CB EC 00 00 11
41019,5EA,8,00 03 FF 00 24 34 FB FF
41032,4BA,8,00 CA 00 BE 06 C1 00 C1
41044,5EC,8,00 00 03 CB EC 00 00 11
41058,5ED,7,02 EF 7A 6E 40 C8 C8
41071,5EB,8,00 30 00 5F FE 00 00 A6
41083,25E,8,88 80 00 C6 C2 77 FF 0C
41097,1C7,6,03 E6 84 34 3B E6
41110,5EB,8,00 30 00 5F FE 00 00 A6
41123,4BA,8,00 CA 00 BE 06 C1 00 C1
41136,4BA,8,00 CA 00 BE 06 C1 00 C1
41149,4BA,8,00 CA 00 BE 06 C1 00 C1
41166,5EF,5,40 00 20 00 07
41179,5EA,8,00 03 FF 00 24 34 FB FF
41192,5EB,8,00 30 00 5F FE 00 00 A6
41205,5EC,8,00 00 03 CB EC 00 00 11
41219,5EA,8,00 03 FF 00 24 34 FB FF
41232,5EB,8,00 30 00 5F FE 00 00 A6
41244,5F6,6,5F 88 65 FB FF 80
41257,5ED,7,02 EF 7A 6E 40 C8 C8
41270,4BA,8,00 CA 00 BE 06 C1 00 C1
41283,25E,8,88 80 00 C6 C2 77 FF 0C
41296,1C7,6,03 E6 84 34 3B E6
41309,5EB,8,00 30 00 5F FE 00 00 A6
41322,25E,8,88 80 00 C6 C2 77 FF 0C
41335,1C7,6,03 E6 84 34 3B E6
41359,5EB,8,00 30 00 5F FE 00 00 A6
41372,5EB,8,00 30 00 5F FE 00 00 A6
41384,1C7,6,03 E6 84 34 3B E6
41398,5ED,7,02 EF 7A 6E 40 C8 C8
41410,5EB,8,00 30 00 5F FE 00 00 A6
41423,25E,8,88 80 00 C6 C2 77 FF 0C
41437,4BA,8,00 CA 00 BE 06 C1 00 C1
41450,4BA,8,00 CA 00 BE 06 C1 00 C1
41463,25E,8,88 80 00 C6 C2 77 FF 0C
41476,5F4,8,0C 40 01 0C 12 01 02 11
41489,1C7,6,03 E6 84 34 3B E6
41501,5EF,5,40 00 20 00 07
41515,5ED,7,02 EF 7A 6E 40 C8 C8
41527,5F3,6,00 C2 1C 04 40 C8
41539,5EA,8,00 03 FF 00 24 34 FB FF
41555,1C7,6,03 E6 84 34 3B E6
41568,1C7,6,03 E6 84 34 3B E6
41581,5EA,8,00 03 FF 00 24 34 FB FF
41593,25E,8,88 80 00 C6 C2 77 FF 0C
41607,5F5,8,3E 41 3F 9B FF 60 03 80
41620,5EA,8,00 03 FF 00 24 34 FB FF
41633,1C7,6,03 E6 84 34 3B E6
41646,5EC,8,00 00 03 CB EC 00 00 11
41659,5EA,8,00 03 FF 00 24 34 FB FF
41672,5EB,8,00 30 00 5F FE 00 00 A6
41684,5EC,8,00 00 03 CB EC 00 00 11
41698,5EA,8,00 03 FF 00 24 34 FB FF
41711,5EB,8,00 30 00 5F FE 00 00 A6
41724,5EC,8,00 00 03 CB EC 00 00 11
41748,5ED,7,02 EF 7A 6E 40 C8 C8
41761,1C7,6,03 E6 84 34 3B E6
41774,1C7,6,03 E6 84 34 3B E6
41786,5EC,8,00 00 03 CB EC 00 00 11
41799,1C7,6,03 E6 84 34 3B E6
41812,25E,8,88 80 00 C6 C2 77 FF 0C
41825,1C7,6,03 E6 84 34 3B E6
41838,1C7,6,03 E6 84 34 3B E6
41850,5EB,8,00 30 00 5F FE 00 00 A6
41864,25E,8,88 80 00 C6 C2 77 FF 0C
41877,5ED,7,02 EF 7A 6E 40 C8 C8
41889,5EB,8,00 30 00 5F FE 00 00 A6
41903,25E,8,88 80 00 C6 C2 77 FF 0C
41916,4BA,8,00 CA 00 BE 06 C1 00 C1
41929,1C7,6,03 E6 84 34 3B E6
41945,25E,8,88 80 00 C6 C2 77 FF 0C
41957,5ED,7,02 EF 7A 6E 40 C8 C8
41970,5EB,8,00 30 00 5F FE 00 00 A6
41982,25E,8,88 80 00 C6 C2 77 FF 0C
41996,5ED,7,02 EF 7A 6E 40 C8 C8
42009,1C7,6,03 E6 84 34 3B E6
42020,5EF,5,40 00 20 00 07
42034,4BA,8,00 CA 00 BE 06 C1 00 C1
42046,5EC,8,00 00 03 CB EC 80 00 11
42059,5EA,8,00 03 FF 00 24 34 FB FF
42072,1C7,6,03 E6 84 34 3B E6
42084,5EC,8,00 00 03 CB EC 00 00 11
42097,5ED,7,02 EF 7A 6E 40 C8 C8
42110,4BA,8,00 CA 00 BE 06 C1 00 C1
42123,25E,8,88 80 00 C6 C2 77 FF 0C
42146,1C7,6,03 E6 84 34 3B E6
42159,1C7,6,03 E6 84 34 3B E6
42172,25E,8,88 80 00 C6 C2 77 FF 0C
42184,1C7,6,03 E6 84 34 3B E6
42196,5ED,7,02 EF 7A 6E 40 C8 C8
42210,5EB,8,00 30 00 5F FE 00 00 A6
42223,25E,8,88 80 00 C6 C2 77 FF 0C
42235,5ED,7,02 EF 7A 6E 40 C8 C8
42249,1C7,6,03 E6 84 34 3B E6
42261,5EF,5,40 00 20 00 07
42273,4BA,8,00 CA 00 BE 06 C1 00 C1
42286,5EC,8,00 00 03 CB EC 00 00 11
42299,5EA,8,00 03 FF 00 24 34 FB FF
42312,1C7,6,03 E6 84 34 3B E6
42324,5F6,6,5F 88 65 FB FF 80
42340,5ED,7,02 EF 7A 6E 40 C8 C8
42352,1C7,6,03 E6 84 34 3B E6
42365,5EC,8,00 00 03 CB EC 00 00 11
42378,5EA,8,00 03 FF 00 24 34 FB FF
42391,5EB,8,00 30 00 5F FE 00 00 A6
42404,5EC,8,00 00 03 CB EC 00 00 11
42418,5ED,7,02 EF 7A 6E 40 C8 C8
42430,5EB,8,00 30 00 5F FE 00 00 A6
42443,25E,8,88 80 00 C6 C2 77 FF 0C
42457,5F3,6,00 C2 1C 04 40 C8
42469,4BA,8,00 CA 00 BE 06 C1 00 C1
42482,25E,8,88 80 00 C6 C2 77 FF 0C
42496,1C7,6,03 E6 84 34 3B E6
42508,5EB,8,00 30 00 5F FE 00 00 A6
42521,5EF,5,40 00 20 00 07
42544,1C7,6,03 E6 84 34 3B E6
42557,5ED,7,02 EF 7A 6E 40 C8 C8
42569,5EB,8,00 30 00 5F FE 00 00 A6
42583,25E,8,88 80 00 C6 C2 77 FF 0C
42596,5ED,7,02 EF 7A 6E 40 C8 C8
42609,5EB,8,00 30 00 5F FE 00 00 A6
42621,4BA,8,00 CA 00 BE 06 C1 00 C1
42635,4BA,8,00 CA 00 BE 06 C1 00 C1
42648,1C7,6,03 E6 84 34 3B E6
42660,5EA,8,00 03 FF 00 24 34 FB FF
42674,25E,8,88 80 00 C6 C2 77 FF 0C
42687,1C7,6,03 E6 84 34 3B E6
42699,5EA,8,00 03 FF 00 24 34 FB FF
42713,1C7,6,03 E6 84 34 3B E6
42725,4BA,8,00 CA 00 BE 06 C1 00 C1
42742,5EA,8,00 03 FF 00 24 34 FB FF
42756,4BA,8,00 CA 00 BE 06 C1 00 C1
42769,4BA,8,00 CA 00 BE 06 C1 00 C1
42782,25E,8,88 80 00 C6 C2 77 FF 0C
42796,5ED,7,02 EF 7A 6E 40 C8 C8
42808,1C7,6,03 E6 84 34 3B E6
42821,25E,8,88 80 00 C6 C2 77 FF 0C
42834,5ED,7,02 EF 7A 6E 40 C8 C8
42847,1C7,6,03 E6 84 34 3B E6
42859,5EA,8,00 03 FF 00 24 34 FB FF
42872,1C7,6,03 E6 84 34 3B E6
42885,5EC,8,00 00 03 CB EC 00 00 11
42898,5EA,8,00 03 FF 00 24 34 FB FF
42911,5EB,8,00 30 00 5F FE 00 00 A6
42935,5EC,8,00 00 03 CB EC 00 00 11
42948,4BA,8,00 CA 00 BE 06 C1 00 C1
42961,5FA,6,3F 00 00 45 00 86
42974,5F4,8,12 00 19 64 00 00 19 00
42987,5EB,8,00 30 00 5F FE 00 00 A6
42999,1C7,6,03 E6 84 34 3B E6
43013,25E,8,88 80 00 C6 C2 77 FF 0C
43026,5EC,8,00 00 03 CB EC 80 00 11
43039,1C7,6,03 E6 84 34 3B E6
43052,25E,8,88 80 00 C6 C2 77 FF 0C
43065,5EC,8,00 00 03 CB EC 00 00 11
43077,1C7,6,03 E6 84 34 3B E6
43090,5EB,8,00 30 00 5F FE 00 00 A6
43104,25E,8,88 80 00 C6 C2 77 FF 0C
43117,5F6,6,5F 88 65 FB FF 80
43132,4BA,8,00 CA 00 BE 06 C1 00 C1
43145,4BA,8,00 CA 00 BE 06 C1 00 C1
43158,1C7,6,03 E6 84 34 3B E6
43171,5EB,8,00 30 00 5F FE 00 00 A6
43184,1C7,6,03 E6 84 34 3B E6
43197,5ED,7,02 EF 7A 6E 40 C8 C8
43209,5EB,8,00 30 00 5F FE 00 00 A6
43223,25E,8,88 80 00 C6 C2 77 FF 0C
43236,4BA,8,00 CA 00 BE 06 C1 00 C1
43249,4BA,8,00 CA 00 BE 06 C1 00 C1
43262,25E,8,88 80 00 C6 C2 77 FF 0C
43275,5ED,7,02 EF 7A 6E 40 C8 C8
43288,1C7,6,03 E6 84 34 3B E6
43300,25E,8,88 80 00 C6 C2 77 FF 0C
43325,5ED,7,02 EF 7A 6E 40 C8 C8
43337,5EA,8,00 03 FF 00 24 34 FB FF
43351,5EB,8,00 30 00 5F FE 00 00 A6
43364,5EC,8,00 00 03 CB EC 00 00 11
43377,5ED,7,02 EF 7A 6E 40 C8 C8
43389,5EB,8,00 30 00 5F FE 00 00 A6
43403,25E,8,88 80 00 C6 C2 77 FF 0C
43416,4BA,8,00 CA 00 BE 06 C1 00 C1
43429,4BA,8,00 CA 00 BE 06 C1 00 C1
43443,25E,8,88 80 00 C6 C2 77 FF 0C
43455,1C7,6,03 E6 84 34 3B E6
43468,5EB,8,00 30 00 5F FE 00 00 A6
43481,25E,8,88 80 00 C6 C2 77 FF 0C
43494,1C7,6,03 E6 84 34 3B E6
43506,5EB,8,00 30 00 5F FE 00 00 A6
43523,1C7,6,03 E6 84 34 3B E6
43535,4BA,8,00 CA 00 BE 06 C1 00 C1
43548,5F6,6,5F 88 65 FB FF 80
43560,25E,8,88 80 00 C6 C2 77 FF 0C
43573,1C7,6,03 E6 84 34 3B E6
43586,5EB,8,00 30 00 5F FE 00 00 A6
43598,1C7,6,03 E6 84 34 3B E6
43612,25E,8,88 80 00 C6 C2 77 FF 0C
43624,4BA,8,00 CA 00 BE 06 C1 00 C1
43637,1C7,6,03 E6 84 34 3B E6
43650,5EB,8,00 30 00 5F FE 00 00 A6
43663,25E,8,88 80 00 C6 C2 77 FF 0C
43675,5ED,7,02 EF 7A 6E 40 C8 C8
43688,5EB,8,00 30 00 5F FE 00 00 A6
43712,4BA,8,00 CA 00 BE 06 C1 00 C1
43725,5EC,8,00 00 03 CB EC 80 00 11
43738,5EA,8,00 03 FF 00 24 34 FB FF
43751,5EB,8,00 30 00 5F FE 00 00 A6
43763,5FB,3,01 00 00
43776,5ED,7,02 EF 7A 6E 40 C8 C8
43788,4BA,8,00 CA 00 BE 06 C1 00 C1
43801,5F9,8,00 00 80 00 99 C8 72 77
43813,1C7,6,03 E6 84 34 3B E6
43827,5EB,8,00 30 00 5F FE 00 00 A6
43839,1C7,6,03 E6 84 34 3B E6
43851,25E,8,88 80 00 C6 C2 77 FF 0C
43865,4BA,8,00 CA 00 BE 06 C1 00 C1
43877,1C7,6,03 E6 84 34 3B E6
43890,5EB,8,00 30 00 5F FE 00 00 A6
43906,25E,8,88 80 00 C6 C2 77 FF 0C
43919,1C7,6,03 E6 84 34 3B E6
43931,25E,8,88 80 00 C6 C2 77 FF 0C
43944,5EC,8,00 00 03 CB EC 00 00 11
43958,1C7,6,03 E6 84 34 3B E6
43970,5EB,8,00 30 00 5F FE 00 00 A6
43983,1C7,6,03 E6 84 34 3B E6
43996,5ED,7,02 EF 7A 6E 40 C8 C8
44009,5EB,8,00 30 00 5F FE 00 00 A6
44022,25E,8,88 80 00 C6 C2 77 FF 0C
44036,5ED,7,02 EF 7A 6E 40 C8 C8
44048,5EB,8,00 30 00 5F FE 00 00 A6
44061,4BA,8,00 CA 00 BE 06 C1 00 C1
44075,4BA,8,00 CA 00 BE 06 C1 00 C1
44087,1C7,6,03 E6 84 34 3B E6
44110,5EF,5,40 00 20 00 07
44123,5F6,6,5F 88 65 FB FF 80
44136,5ED,7,02 EF 7A 6E 40 C8 C8
44148,4BA,8,00 CA 00 BE 06 C1 00 C1
44162,25E,8,88 80 00 C6 C2 77 FF 0C
44175,1C7,6,03 E6 84 34 3B E6
44187,5EB,8,00 30 00 5F FE 00 00 A6
44200,25E,8,88 80 00 C6 C2 77 FF 0C
44214,1C7,6,03 E6 84 34 3B E6
44226,5EB,8,00 30 00 5F FE 00 00 A6
44239,1C7,6,03 E6 84 34 3B E6
44252,25E,8,88 80 00 C6 C2 77 FF 0C
44265,5EC,8,00 00 03 CB EC 00 00 11
44278,1C7,6,03 E6 84 34 3B E6
44291,25E,8,88 80 00 C6 C2 77 FF 0C
44308,5F6,6,5F 88 65 FB FF 80
44321,25E,8,88 80 00 C6 C2 77 FF 0C
44335,1C7,6,03 E6 84 34 3B E6
44347,5EB,8,00 30 00 5F FE 00 00 A6
44360,5EA,8,00 03 FF 00 24 34 FB FF
44372,4BA,8,00 CA 00 BE 06 C1 00 C1
44386,4BA,8,00 CA 00 BE 06 C1 00 C1
44399,1C7,6,03 E6 84 34 3B E6
44411,1C7,6,03 E6 84 34 3B E6
44425,5EC,8,00 00 03 CB EC 00 00 11
44437,1C7,6,03 E6 84 34 3B E6
44450,5EB,8,00 30 00 5F FE 00 00 A6
44463,1C7,6,03 E6 84 34 3B E6
44476,5ED,7,02 EF 7A 6E 40 C8 C8
44488,5EB,8,00 30 00 5F FE 00 00 A6
44513,1C7,6,03 E6 84 34 3B E6
44525,5F5,8,3E 41 3F 9B FF 60 03 80
44538,5EA,8,00 03 FF 00 24 34 FB FF
44552,1C7,6,03 E6 84 34 3B E6
44564,5EC,8,00 00 03 CB EC 00 00 11
44577,5ED,7,02 EF 7A 6E 40 C8 C8
44590,5EB,8,00 30 00 5F FE 00 00 A6
44603,5EC,8,00 00 03 CB EC 00 00 11
44616,5ED,7,02 EF 7A 6E 40 C8 C8
44630,4BA,8,00 CA 00 BE 06 C1 00 C1
44642,4BA,8,00 CA 00 BE 06 C1 00 C1
44655,1C7,6,03 E6 84 34 3B E6
44667,5EB,8,00 30 00 5F FE 00 00 A6
44681,5EC,8,00 00 03 CB EC 00 00 11
44697,1C7,6,03 E6 84 34 3B E6
44709,5EB,8,00 30 00 5F FE 00 00 A6
44723,5EC,8,00 00 03 CB EC 00 00 11
44736,5F6,6,5F 88 66 FB FF 80
44748,4BA,8,00 CA 00 BE 06 C1 00 C1
44762,4BA,8,00 CA 00 BE 06 C1 00 C1
44774,1C7,6,03 E6 84 34 3B E6
44787,5EB,8,00 30 00 5F FE 00 00 A6
44801,5EC,8,00 00 03 CB EC 00 00 11
44813,1C7,6,03 E6 84 34 3B E6
44826,5EB,8,00 30 00 5F FE 00 00 A6
44838,1C7,6,03 E6 84 34 3B E6
44852,4BA,8,00 CA 00 BE 06 C1 00 C1
44865,5EC,8,00 00 03 CB EC 00 00 11
44877,1C7,6,03 E6 84 34 3B E6
44901,5EB,8,00 30 00 5F FE 00 00 A6
44914,4BA,8,00 CA 00 BE 06 C1 00 C1
44928,1C7,6,03 E6 84 34 3B E6
44940,1C7,6,03 E6 84 34 3B E6
44952,5ED,7,02 EF 7A 6E 40 C8 C8
44965,5F5,8,3E 41 3F 9B FF 60 03 80
44979,5EA,8,00 03 FF 00 24 34 FB FF
44992,5ED,7,02 EF 7A 6E 40 C8 C8
45004,4BA,8,00 CA 00 BE 06 C1 00 C1
45018,5EA,8,00 03 FF 00 24 34 FB FF
45030,5F7,3,01 00 10
45042,5EC,8,00 00 03 CB EC 80 00 11
45056,5ED,7,02 EF 7A 6E 40 C8 C8
45069,5EB,8,00 30 00 5F FE 00 00 A6
45081,5EC,8,00 00 03 CB EC 00 00 11
45097,4BA,8,00 CA 00 BE 06 C1 00 C1
45111,5EB,8,00 30 00 5F FE 00 00 A6
45123,4BA,8,00 CA 00 BE 06 C1 00 C1
45136,5ED,7,02 EF 7A 6E 40 C8 C8
45149,5EB,8,00 30 00 5F FE 00 00 A6
45162,5EC,8,00 00 03 CB EC 00 00 11
45174,1C7,6,03 E6 84 34 3B E6
45187,1C7,6,03 E6 84 34 3B E6
45200,4BA,8,00 CA 00 BE 06 C1 00 C1
45212,4BA,8,00 CA 00 BE 06 C1 00 C1
45225,4BA,8,00 CA 00 BE 06 C1 00 C1
45238,1C7,6,03 E6 84 34 3B E6
45251,1C7,6,03 E6 84 34 3B E6
45263,5EC,8,00 00 03 CB EC 00 00 11
45287,5ED,7,02 EF 7A 6E 40 C8 C8
45299,1C7,6,03 E6 84 34 3B E6
45313,5ED,7,02 EF 7A 6E 40 C8 C8
45325,5F5,8,3E 41 3F 9B FF 60 03 80
45338,5EA,8,00 03 FF 00 24 34 FB FF
45350,1C7,6,03 E6 84 34 3B E6
45363,4BA,8,00 CA 00 BE 06 C1 00 C1
45376,5ED,7,02 EF 7A 6E 40 C8 C8
45388,1C7,6,03 E6 84 34 3B E6
45402,5EC,8,00 00 03 CB EC 00 00 11
45414,1C7,6,03 E6 84 34 3B E6
45426,1C7,6,03 E6 84 34 3B E6
45440,4BA,8,00 CA 00 BE 06 C1 00 C1
45452,4BA,8,00 CA 00 BE 06 C1 00 C1
45465,4BA,8,00 CA 00 BE 06 C1 00 C1
45480,1C7,6,03 E6 84 34 3B E6
45493,1C7,6,03 E6 84 34 3B E6
45506,1C7,6,03 E6 84 34 3B E6
45518,5EA,8,00 03 FF 00 24 34 FB FF
45532,1C7,6,03 E6 84 34 3B E6
45544,5F3,6,00 C2 1C 04 40 C8
45556,1C7,6,03 E6 84 34 3B E6
45570,4BA,8,00 CA 00 BE 06 C1 00 C1
45583,1C7,6,03 E6 84 34 3B E6
45595,5ED,7,02 EF 7A 6E 40 C8 C8
45608,1C7,6,03 E6 84 34 3B E6
45621,1C7,6,03 E6 84 34 3B E6
45633,4BA,8,00 CA 00 BE 06 C1 00 C1
45646,1C7,6,03 E6 84 34 3B E6
45659,1C7,6,03 E6 84 34 3B E6
45672,5ED,7,02 EF 7A 6E 40 C8 C8
45696,5EC,8,00 00 03 CB EC 00 00 11
45709,4BA,8,00 CA 00 BE 06 C1 00 C1
45721,4BA,8,00 CA 00 BE 06 C1 00 C1
45734,1C7,6,03 E6 84 34 3B E6
45747,1C7,6,03 E6 84 34 3B E6
45760,5EC,8,00 00 03 CB EC 00 00 11
45772,1C7,6,03 E6 84 34 3B E6
45786,1C7,6,03 E6 84 34 3B E6
45798,1C7,6,03 E6 84 34 3B E6
45811,4BA,8,00 CA 00 BE 06 C1 00 C1
45824,5EC,8,00 00 03 CB EC 80 00 11
45837,1C7,6,03 E6 84 34 3B E6
45849,5F6,6,5F 88 65 FB FF 80
45863,1C7,6,03 E6 84 34 3B E6
45876,1C7,6,03 E6 84 34 3B E6
45892,4BA,8,00 CA 00 BE 06 C1 00 C1
45905,5EC,8,00 00 03 CB EC 00 00 11
45918,1C7,6,03 E6 84 34 3B E6
45931,4BA,8,00 CA 00 BE 06 C1 00 C1
45943,5EC,8,00 00 03 CB EC 80 00 11
45957,1C7,6,03 E6 84 34 3B E6
45970,5F4,8,02 47 32 35 34 38 38 41
45982,1C7,6,03 E6 84 34 3B E6
45996,5ED,7,02 EF 7A 6E 40 C8 C8
46008,4BA,8,00 CA 00 BE 06 C1 00 C1
46021,1C7,6,03 E6 84 34 3B E6
46033,5ED,7,02 EF 7A 6E 40 C8 C8
46047,4BA,8,00 CA 00 BE 06 C1 00 C1
46060,1C7,6,03 E6 84 34 3B E6
46072,5ED,7,02 EF 7A 6E 40 C8 C8
46096,1C7,6,03 E6 84 34 3B E6
46108,1C7,6,03 E6 84 34 3B E6
46121,5EC,8,00 00 03 CB EC 80 00 11
46135,1C7,6,03 E6 84 34 3B E6
46147,1C7,6,03 E6 84 34 3B E6
46159,4BA,8,00 CA 00 BE 06 C1 00 C1
46173,4BA,8,00 CA 00 BE 06 C1 00 C1
46186,4BA,8,00 CA 00 BE 06 C1 00 C1
46198,5EF,5,40 00 20 00 07
46212,1C7,6,03 E6 84 34 3B E6
46224,5EC,8,00 00 03 CB EC 00 00 11
46237,1C7,6,03 E6 84 34 3B E6
46249,1C7,6,03 E6 84 34 3B E6
46262,4BA,8,00 CA 00 BE 06 C1 00 C1
46275,5ED,7,02 EF 7A 6E 40 C8 C8
46290,4BA,8,00 CA 00 BE 06 C1 00 C1
46304,5EC,8,00 00 03 CB EC 00 00 11
46317,1C7,6,03 E6 84 34 3B E6
46329,1C7,6,03 E6 84 34 3B E6
46343,5EC,8,00 00 03 CB EC 00 00 11
46355,5ED,7,02 EF 7A 6E 40 C8 C8
46368,4BA,8,00 CA 00 BE 06 C1 00 C1
46382,1C7,6,03 E6 84 34 3B E6
46394,5ED,7,02 EF 7A 6E 40 C8 C8
46407,4BA,8,00 CA 00 BE 06 C1 00 C1
46419,1C7,6,03 E6 84 34 3B E6
46433,5ED,7,02 EF 7A 6E 40 C8 C8
46445,1C7,6,03 E6 84 34 3B E6
46458,5EA,8,00 03 FF 00 24 34 FB FF
46472,4BA,8,00 CA 00 BE 06 C1 00 C1
46495,5EC,8,00 00 03 CB EC 00 00 11
46509,1C7,6,03 E6 84 34 3B E6
46521,5EC,8,00 00 03 CB EC 00 00 11
46534,4BA,8,00 CA 00 BE 06 C1 00 C1
46546,4BA,8,00 CA 00 BE 06 C1 00 C1
46560,4BA,8,00 CA 00 BE 06 C1 00 C1
46573,1C7,6,03 E6 84 34 3B E6
46585,1C7,6,03 E6 84 34 3B E6
46598,5EF,5,40 00 20 00 07
46611,1C7,6,03 E6 84 34 3B E6
46623,4BA,8,00 CA 00 BE 06 C1 00 C1
46637,5ED,7,02 EF 7A 6E 40 C8 C8
46649,4BA,8,00 CA 00 BE 06 C1 00 C1
46662,5EC,8,00 00 03 CB EC 00 00 11
46675,5ED,7,02 EF 7A 6E 40 C8 C8
46691,1C7,6,03 E6 84 34 3B E6
46703,5EC,8,00 00 03 CB EC 00 00 11
46716,1C7,6,03 E6 84 34 3B E6
46729,1C7,6,03 E6 84 34 3B E6
46741,1C7,6,03 E6 84 34 3B E6
46753,5ED,7,02 EF 7A 6E 40 C8 C8
46767,4BA,8,00 CA 00 BE 06 C1 00 C1
46779,1C7,6,03 E6 84 34 3B E6
46791,5ED,7,02 EF 7A 6E 40 C8 C8
46804,5F5,8,3E 41 3F 9B FF 60 03 80
46818,5EA,8,00 03 FF 00 24 34 FB FF
46830,4BA,8,00 CA 00 BE 06 C1 00 C1
46843,5EC,8,00 00 03 CB EC 80 00 11
46857,5EA,8,00 03 FF 00 24 34 FB FF
46869,1C7,6,03 E6 84 34 3B E6
46893,5EC,8,00 00 03 CB EC 00 00 11
46905,4BA,8,00 CA 00 BE 06 C1 00 C1
46918,5EF,5,40 00 20 00 07
46930,1C7,6,03 E6 84 34 3B E6
46943,5EC,8,00 00 03 CB EC 00 00 11
46955,5ED,7,02 EF 7A 6E 40 C8 C8
46968,4BA,8,00 CA 00 BE 06 C1 00 C1
46981,1C7,6,03 E6 84 34 3B E6
46994,5ED,7,02 EF 7A 6E 40 C8 C8
47006,4BA,8,00 CA 00 BE 06 C1 00 C1
47020,1C7,6,03 E6 84 34 3B E6
47032,5ED,7,02 EF 7A 6E 40 C8 C8
47044,1C7,6,03 E6 84 34 3B E6
47057,5EA,8,00 03 FF 00 24 34 FB FF
47070,4BA,8,00 CA 00 BE 06 C1 00 C1
47086,5EC,8,00 00 03 CB EC 00 00 11
47098,1C7,6,03 E6 84 34 3B E6
47112,5ED,7,02 EF 7A 6E 40 C8 C8
47124,1C7,6,03 E6 84 34 3B E6
47137,5EA,8,00 03 FF 00 24 34 FB FF
47150,5ED,7,02 EF 7A 6E 40 C8 C8
47163,4BA,8,00 CA 00 BE 06 C1 00 C1
47176,5ED,7,02 EF 7A 6E 40 C8 C8
47188,1C7,6,03 E6 84 34 3B E6
47202,5EC,8,00 00 03 CB EC 00 00 11
47215,5ED,7,02 EF 7A 6E 40 C8 C8
47227,1C7,6,03 E6 84 34 3B E6
47240,5EC,8,00 00 03 CB EC 00 00 11
47253,4BA,8,00 CA 00 BE 06 C1 00 C1
47266,4BA,8,00 CA 00 BE 06 C1 00 C1
47290,4BA,8,00 CA 00 BE 06 C1 00 C1
47303,5EC,8,00 00 03 CB EC 00 00 11
47316,1C7,6,03 E6 84 34 3B E6
47329,1C7,6,03 E6 84 34 3B E6
47341,4BA,8,00 CA 00 BE 06 C1 00 C1
47354,5ED,7,02 EF 7A 6E 40 C8 C8
47368,4BA,8,00 CA 00 BE 06 C1 00 C1
47380,1C7,6,03 E6 84 34 3B E6
47393,5ED,7,02 EF 7A 6E 40 C8 C8
47407,1C7,6,03 E6 84 34 3B E6
47421,4BA,8,00 CA 00 BE 06 C1 00 C1
47434,5F6,6,5F 88 66 FB FF 80
47447,4BA,8,00 CA 00 BE 06 C1 00 C1
47460,1C7,6,03 E6 84 34 3B E6
47472,5F4,8,08 11 02 55 0C 09 00 01
47488,1C7,6,03 E6 84 34 3B E6
47501,1C7,6,03 E6 84 34 3B E6
47513,5ED,7,02 EF 7A 6E 40 C8 C8
47526,1C7,6,03 E6 84 34 3B E6
47539,4BA,8,00 CA 00 BE 06 C1 00 C1
47552,4BA,8,00 CA 00 BE 06 C1 00 C1
47564,1C7,6,03 E6 84 34 3B E6
47578,5EA,8,00 03 FF 00 24 34 FB FF
47591,5ED,7,02 EF 7A 6E 40 C8 C8
47604,5EC,8,00 00 03 CB EC 00 00 11
47617,5EA,8,00 03 FF 00 24 34 FB FF
47630,5ED,7,02 EF 7A 6E 40 C8 C8
47643,4BA,8,00 CA 00 BE 06 C1 00 C1
47655,5ED,7,02 EF 7A 6E 40 C8 C8
47669,1C7,6,03 E6 84 34 3B E6
47692,5EC,8,00 00 03 CB EC 00 00 11
47706,1C7,6,03 E6 84 34 3B E6
47718,4BA,8,00 CA 00 BE 06 C1 00 C1
47731,4BA,8,00 CA 00 BE 06 C1 00 C1
47744,5EC,8,00 00 03 CB EC 80 00 11
47757,1C7,6,03 E6 84 34 3B E6
47769,1C7,6,03 E6 84 34 3B E6
47782,5EC,8,00 00 03 CB EC 00 00 11
47796,5ED,7,02 EF 7A 6E 40 C8 C8
47808,4BA,8,00 CA 00 BE 06 C1 00 C1
47821,4BA,8,00 CA 00 BE 06 C1 00 C1
47835,5ED,7,02 EF 7A 6E 40 C8 C8
47847,4BA,8,00 CA 00 BE 06 C1 00 C1
47860,1C7,6,03 E6 84 34 3B E6
47873,5ED,7,02 EF 7A 6E 40 C8 C8
47889,1C7,6,03 E6 84 34 3B E6
47901,5F9,8,00 00 80 00 99 C8 72 77
47915,5ED,7,02 EF 7A 6E 40 C8 C8
47928,4BA,8,00 CA 00 BE 06 C1 00 C1
47940,1C7,6,03 E6 84 34 3B E6
47953,5ED,7,02 EF 7A 6E 40 C8 C8
47966,4BA,8,00 CA 00 BE 06 C1 00 C1
47979,1C7,6,03 E6 84 34 3B E6
47991,5ED,7,02 EF 7A 6E 40 C8 C8
48005,1C7,6,03 E6 84 34 3B E6
48017,5EF,5,40 00 20 00 07
48029,4BA,8,00 CA 00 BE 06 C1 00 C1
48043,5EC,8,00 00 03 CB EC 80 00 11
48056,5ED,7,02 EF 7A 6E 40 C8 C8
48068,1C7,6,03 E6 84 34 3B E6
48092,5EC,8,00 00 03 CB EC 00 00 11
48105,4BA,8,00 CA 00 BE 06 C1 00 C1
48118,5F9,8,00 00 80 00 99 C8 72 77
48132,1C7,6,03 E6 84 34 3B E6
48144,1C7,6,03 E6 84 34 3B E6
48156,1C7,6,03 E6 84 34 3B E6
48168,1C7,6,03 E6 84 34 3B E6
48182,4BA,8,00 CA 00 BE 06 C1 00 C1
48195,5ED,7,02 EF 7A 6E 40 C8 C8
48207,4BA,8,00 CA 00 BE 06 C1 00 C1
48221,1C7,6,03 E6 84 34 3B E6
48233,5ED,7,02 EF 7A 6E 40 C8 C8
48246,1C7,6,03 E6 84 34 3B E6
48259,1C7,6,03 E6 84 34 3B E6
48272,4BA,8,00 CA 00 BE 06 C1 00 C1
48287,1C7,6,03 E6 84 34 3B E6
48300,1C7,6,03 E6 84 34 3B E6
48312,5ED,7,02 EF 7A 6E 40 C8 C8
48325,4BA,8,00 CA 00 BE 06 C1 00 C1
48337,1C7,6,03 E6 84 34 3B E6
48351,5ED,7,02 EF 7A 6E 40 C8 C8
48363,5EC,8,00 00 03 CB EC 00 00 11
48376,5EA,8,00 03 FF 00 24 34 FB FF
48389,1C7,6,03 E6 84 34 3B E6
48402,5EC,8,00 00 03 CB EC 00 00 11
48414,5ED,7,02 EF 7A 6E 40 C8 C8
48427,1C7,6,03 E6 84 34 3B E6
48440,5F6,6,5F 88 65 FB FF 80
48452,4BA,8,00 CA 00 BE 06 C1 00 C1
48464,4BA,8,00 CA 00 BE 06 C1 00 C1
48488,5F9,8,00 00 80 00 99 C8 72 77
48501,5EC,8,00 00 03 CB EC 00 00 11
48515,5ED,7,02 EF 7A 6E 40 C8 C8
48527,4BA,8,00 CA 00 BE 06 C1 00 C1
48540,1C7,6,03 E6 84 34 3B E6
48552,5ED,7,02 EF 7A 6E 40 C8 C8
48565,4BA,8,00 CA 00 BE 06 C1 00 C1
48578,1C7,6,03 E6 84 34 3B E6
48590,5ED,7,02 EF 7A 6E 40 C8 C8
48604,5EC,8,00 00 03 CB EC 00 00 11
48616,5EA,8,00 03 FF 00 24 34 FB FF
48629,4BA,8,00 CA 00 BE 06 C1 00 C1
48643,5EC,8,00 00 03 CB EC 80 00 11
48655,5ED,7,02 EF 7A 6E 40 C8 C8
48667,1C7,6,03 E6 84 34 3B E6
48683,5EC,8,00 00 03 CB EC 00 00 11
48696,5EA,8,00 03 FF 00 24 34 FB FF
48709,5ED,7,02 EF 7A 6E 40 C8 C8
48722,4BA,8,00 CA 00 BE 06 C1 00 C0
48736,5ED,7,02 EF 7A 6E 40 C8 C8
48748,1C7,6,03 E6 84 34 3B E6
48760,5EC,8,00 00 03 CB EC 00 00 11
48774,5ED,7,02 EF 7A 6E 40 C8 C8
48787,1C7,6,03 E6 84 34 3B E6
48799,5F6,6,5F 88 65 FB FF 80
48812,1C7,6,03 E6 84 34 3B E6
48825,4BA,8,00 CA 00 BE 06 C1 00 C0
48838,5F9,8,00 00 80 00 99 C8 72 77
48850,1C7,6,03 E6 84 34 3B E6
48864,1C7,6,03 E6 84 34 3B E6
48886,1C7,6,03 E6 84 34 3B E6
48900,1C7,6,03 E6 84 34 3B E6
48912,5ED,7,02 EF 7A 6E 40 C8 C8
48925,1C7,6,03 E6 84 34 3B E6
48937,1C7,6,03 E6 84 34 3B E6
48950,5ED,7,02 EF 7A 6E 40 C8 C8
48963,5EC,8,00 00 03 CB EC 00 00 11
48977,5EA,8,00 03 FF 00 24 34 FB FF
48991,4BA,8,00 CA 00 BE 06 C1 00 C0
49004,1C7,6,03 E6 84 34 3B E6
49016,5EF,5,40 00 20 00 07
49029,5ED,7,02 EF 7A 6E 40 C8 C8
49042,5EC,8,00 00 03 CB EC 00 00 11
49055,5ED,7,02 EF 7A 6E 40 C8 C8
49068,1C7,6,03 E6 84 34 3B E6
49083,4BA,8,00 CA 00 BE 06 C1 00 C0
49096,5EA,8,00 03 FF 00 24 34 FB FF
49110,4BA,8,00 CA 00 BE 06 C1 00 C0
49123,5EC,8,00 00 03 CB EC 80 00 11
49135,5ED,7,02 EF 7A 6E 40 C8 C8
49148,5ED,7,02 EF 7A 6E 40 C8 C8
49162,5EC,8,00 00 03 CB EC 00 00 11
49174,5ED,7,02 EF 7A 6E 40 C8 C8
49187,4BA,8,00 CA 00 BE 06 C1 00 C0
49201,4BA,8,00 CA 00 BE 06 C1 00 C0
49214,5ED,7,02 EF 7A 6E 40 C8 C8
49226,1C7,6,03 E6 84 34 3B E6
49239,5EC,8,00 00 03 CB EC 80 00 11
49252,1C7,6,03 E6 84 34 3B E6
49264,1C7,6,03 E6 84 34 3B E6
49288,4BA,8,00 CA 00 BE 06 C1 00 C0
49301,5EC,8,00 00 03 CB EC 00 00 11
49314,5ED,7,02 EF 7A 6E 40 C8 C8
49327,1C7,6,03 E6 84 34 3B E6
49340,1C7,6,03 E6 84 34 3B E6
49352,5F3,6,00 C2 1C 04 40 C8
49364,4BA,8,00 CA 00 BE 06 C1 00 C0
49378,1C7,6,03 E6 84 34 3B E6
49390,5ED,7,02 EF 7A 6E 40 C8 C8
49403,1C7,6,03 E6 84 34 3B E6
49417,5EA,8,00 03 FF 00 24 34 FB FF
49429,5ED,7,02 EF 7A 6E 40 C8 C8
49442,4BA,8,00 CA 00 BE 06 C1 00 C0
49456,5ED,7,02 EF 7A 6E 40 C8 C8
49468,1C7,6,03 E6 84 34 3B E6
49483,5EC,8,00 00 03 CB EC 00 00 11
49497,5EA,8,00 03 FF 00 24 34 FB FF
49510,5ED,7,02 EF 7A 6E 40 C8 C8
49522,5EC,8,00 00 03 CB EC 00 00 11
49536,5EA,8,00 03 FF 00 24 34 FB FF
49549,5ED,7,02 EF 7A 6E 40 C8 C8
49562,4BA,8,00 CA 00 BE 06 C1 00 C0
49574,5ED,7,02 EF 7A 6E 40 C8 C8
49588,1C7,6,03 E6 84 34 3B E6
49600,5EC,8,00 00 03 CB EC 00 00 11
49613,5ED,7,02 EF 7A 6E 40 C8 C8
49627,1C7,6,03 E6 84 34 3B E6
49639,5EC,8,00 00 03 CB EC 00 00 11
49652,1C7,6,03 E6 84 34 3B E6
49665,4BA,8,00 CA 00 BE 06 C1 00 C0
49688,4BA,8,00 CA 00 BE 06 C1 00 C0
49701,5EC,8,00 00 03 CB EC 00 00 11
49715,5ED,7,02 EF 7A 6E 40 C8 C8
49727,1C7,6,03 E6 84 34 3B E6
49740,4BA,8,00 CA 00 BE 06 C1 00 C0
49753,5ED,7,02 EF 7A 6E 40 C8 C8
49766,1C7,6,03 E6 84 34 3B E6
49778,1C7,6,03 E6 84 34 3B E6
49792,5ED,7,02 EF 7A 6E 40 C8 C8
49804,5F6,6,5F 88 65 FB FF 80
49817,4BA,8,00 CA 00 BE 06 C1 00 C0
49830,4BA,8,00 CA 00 BE 06 C1 00 C0
49843,5F5,8,3E 41 3F 9B FF 60 03 80
49856,5EA,8,00 03 FF 00 24 34 FB FF
49872,5ED,7,02 EF 7A 6E 40 C8 C8
49885,1C7,6,03 E6 84 34 3B E6
49897,1C7,6,03 E6 84 34 3B E6
49910,5ED,7,02 EF 7A 6E 40 C8 C8
49923,5EC,8,00 00 03 CB EC 80 00 11
49936,5EA,8,00 03 FF 00 24 34 FB FF
49948,4BA,8,00 CA 00 BE 06 C1 00 C0
49961,5EC,8,00 00 03 CB EC 00 00 11
49974,5ED,7,02 EF 7A 6E 40 C8 C8
49987,1C7,6,03 E2 84 34 3B E2
49999,5EC,8,00 00 03 CB EC 00 00 11
50013,5ED,7,02 EF 7A 6E 40 C8 C8
50025,4BA,8,00 CA 00 BE 06 C1 00 C0
50038,4BA,8,00 CA 00 BE 06 C1 00 C0
50051,1C7,6,03 E2 84 34 3B E2
50074,1C7,6,03 E2 84 34 3B E2
50086,4BA,8,00 CA 00 BE 06 C1 00 C0
50100,1C7,6,03 E2 84 34 3B E2
50112,5ED,7,02 EF 7A 6E 40 C8 C8
50124,1C7,6,03 E2 84 34 3B E2
50137,1C7,6,03 E2 84 34 3B E2
50150,5ED,7,02 EF 7A 6E 40 C8 C8
50162,5EC,8,00 00 03 CB EC 00 00 11
50176,5ED,7,02 EF 7A 6E 40 C8 C8
50188,4BA,8,00 CA 00 BE 06 C1 00 C0
50201,5EC,8,00 00 03 CB EC 00 00 11
50213,5ED,7,02 EF 7A 6E 40 C8 C8
50227,1C7,6,03 E2 84 34 3B E2
50239,5F6,6,5F 88 65 FB FF 80
50251,4BA,8,00 CA 00 BE 06 C1 00 C0
50267,4BA,8,00 CA 00 BE 06 C1 00 C0
50280,4BA,8,00 CA 00 BE 06 C1 00 C0
50293,5ED,7,02 EF 7A 6E 40 C8 C8
50307,1C7,6,03 E2 84 34 3B E2
50319,5EC,8,00 00 03 CB EC 80 00 11
50332,5ED,7,02 EF 7A 6E 40 C8 C8
50344,1C7,6,03 E2 84 34 3B E2
50358,4BA,8,00 CA 00 BE 06 C1 00 C0
50370,1C7,6,03 E2 84 34 3B E2
50383,5F6,6,5F 88 65 FB FF 80
50396,5EF,5,40 00 20 00 07
50408,1C7,6,03 E2 84 34 3B E2
50420,5EC,8,00 00 03 CB EC 00 00 11
50434,5ED,7,02 EF 7A 6E 40 C8 C8
50447,4BA,8,00 CA 00 BE 06 C1 00 C0
50470,1C7,6,03 E2 84 34 3B E2
50483,1C7,6,03 E2 84 34 3B E2
50496,5EA,8,00 03 FF 00 24 34 FB FF
50509,5ED,7,02 EF 7A 6E 40 C8 C8
50522,5F3,6,00 C2 1C 04 40 C8
50536,5ED,7,02 EF 7A 6E 40 C8 C8
50549,4BA,8,00 CA 00 BE 06 C1 00 C0
50562,5EC,8,00 00 03 CB EC 00 00 11
50575,5ED,7,02 EF 7A 6E 40 C8 C8
50588,5ED,7,02 EF 7A 6E 40 C8 C8
50600,5EC,8,00 00 03 CB EC 00 00 11
50614,5ED,7,02 EF 7A 6E 40 C8 C8
50627,1C7,6,03 E2 84 34 3B E2
50639,4BA,8,00 CA 00 BE 06 C1 00 C0
50653,5ED,7,02 EF 7A 6E 40 C8 C8
50668,1C7,6,03 E2 84 34 3B E2
50680,5EC,8,00 00 03 CB EC 00 00 11
50694,5ED,7,02 EF 7A 6E 40 C8 C8
50707,1C7,6,03 E2 84 34 3B E2
50719,5EC,8,00 00 03 CB EC 00 00 11
50733,5ED,7,02 EF 7A 6E 40 C8 C8
50745,4BA,8,00 CA 00 BE 06 C1 00 C0
50758,4BA,8,00 CA 00 BE 06 C1 00 C0
50771,1C7,6,03 E2 84 34 3B E2
50784,1C7,6,03 E2 84 34 3B E2
50797,5EC,8,00 00 03 CB EC 00 00 11
50809,1C7,6,03 E2 84 34 3B E2
50823,1C7,6,03 E2 84 34 3B E2
50835,5EA,8,00 03 FF 00 24 34 FB FF
50848,1C7,6,03 E2 84 34 3B E2
50861,5EC,8,00 00 03 CB EC 00 00 11
50884,5ED,7,02 EF 7A 6E 40 C8 C8
50897,4BA,8,00 CA 00 BE 06 C1 00 C0
50911,4BA,8,00 CA 00 BE 06 C1 00 C0
50923,5F6,6,5F 88 65 FB FF 80
50936,1C7,6,03 E2 84 34 3B E2
50949,5ED,7,02 EF 7A 6E 40 C8 C8
50962,5EC,8,00 00 03 CB EC 00 00 11
50975,5ED,7,02 EF 7A 6E 40 C8 C8
50988,5ED,7,02 EF 7A 6E 40 C8 C8
51001,4BA,8,00 CA 00 BE 06 C1 00 C0
51014,5ED,7,02 EF 7A 6E 40 C8 C8
51026,1C7,6,03 E2 84 34 3B E2
51039,5EC,8,00 00 03 CB EC 80 00 11
51052,5ED,7,02 EF 7A 6E 40 C8 C8
51067,1C7,6,03 E2 84 34 3B E2
51081,5EC,8,00 00 03 CB EC 00 00 11
51094,5ED,7,02 EF 7A 6E 40 C8 C8
51106,1C7,6,03 E2 84 34 3B E2
51120,4BA,8,00 CA 00 BE 06 C1 00 C0
51132,5ED,7,02 EF 7A 6E 40 C8 C8
51145,1C7,6,03 E2 84 34 3B E2
51158,5EC,8,00 00 03 CB EC 00 00 11
51171,1C7,6,03 E2 84 34 3B E2
51183,1C7,6,03 E2 84 34 3B E2
51196,4BA,8,00 CA 00 BE 06 C1 00 C0
51210,1C7,6,03 E2 84 34 3B E2
51222,5EC,8,00 00 03 CB EC 80 00 11
51235,5ED,7,02 EF 7A 6E 40 C8 C8
51248,1C7,6,03 E2 84 34 3B E2
51261,5EC,8,00 00 03 CB EC 00 00 11
51284,5ED,7,02 EF 7A 6E 40 C8 C8
51297,1C7,6,03 E2 84 34 3B E2
51310,5ED,7,02 EF 7A 6E 40 C8 C8
51322,1C7,6,03 E2 84 34 3B E2
51335,5EF,5,40 00 20 00 07
51348,5ED,7,02 EF 7A 6E 40 C8 C8
51360,4BA,8,00 CA 00 BE 06 C1 00 C0
51374,5ED,7,02 EF 7A 6E 40 C8 C8
51386,1C7,6,03 E2 84 34 3B E2
51399,5EC,8,00 00 03 CB EC 00 00 11
51412,5ED,7,02 EF 7A 6E 40 C8 C8
51425,1C7,6,03 E2 84 34 3B E2
51438,5EC,8,00 00 03 CB EC 00 00 11
51450,1C7,6,03 E2 84 34 3B E2
51464,4BA,8,00 CA 00 BE 06 C1 00 C0
